eventID,Agency,Identifier,year,month,day,hour,minute,second,timeError,longitude,latitude,SemiMajor90,SemiMinor90,ErrorStrike,depth,depthError,magnitude,sigmaMagnitude,Anthropogenic,Unnamed: 20
907206,ISC-GEM,ISC-GEM|ISC-GEM-Mw,1930,1,25,1,38,14.0,,126.458,7.612,17.1,8.9,,35.0,36.0,6.0,0.2,,907206|ISC-GEM|6.00|Mw
907275,ISC-GEM,ISC-GEM|ISC-GEM-Mw,1930,3,15,3,56,38.78,,127.207,2.817,57.8,10.9,,35.0,14.2,5.69,0.42,,907275|ISC-GEM|5.69|Mw
907279,ISC-GEM,ISC-GEM|ISC-GEM-Mw,1930,3,16,4,59,35.44,,120.421,19.527,15.5,9.3,,15.0,16.0,5.75,0.2,,907279|ISC-GEM|5.75|Mw
907303,ISC-GEM,ISC-GEM|ISC-GEM-Mw,1930,4,2,4,14,28.99,,125.589,3.779,29.7,14.8,,15.0,25.0,5.74,0.2,,907303|ISC-GEM|5.74|Mw
907304,ISC-GEM,ISC-GEM|ISC-GEM-Mw,1930,4,2,19,54,50.85,,127.083,4.398,17.7,9.3,,35.0,25.4,5.84,0.2,,907304|ISC-GEM|5.84|Mw
907410,ISC-GEM,ISC-GEM|ISC-GEM-Mw,1930,5,19,15,3,45.26,,121.232,21.439,7.7,5.1,,15.0,9.2,6.0,0.2,,907410|ISC-GEM|6.00|Mw || 1953618|PAS|6.50|MS || 1953618|PAS|6.50|MS
907427,GUTE,GUTE|PAS-Ms,1930,5,30,12,56,55.0,,124.5,2.0,,,,300.0,,6.2,0.2,,1953640|PAS|6.20|MS
907443,ISC-GEM,ISC-GEM|ISC-GEM-Mw,1930,6,11,10,23,59.21,,128.557,7.924,59.1,24.2,,15.0,25.0,5.77,0.2,,907443|ISC-GEM|5.77|Mw
907510,GUTE,GUTE|PAS-Ms,1930,7,21,14,6,2.0,,114.0,7.0,,,,35.0,,6.0,0.2,,1953745|PAS|6.00|MS
907538,ISC-GEM,ISC-GEM|ISC-GEM-Mw,1930,8,7,23,47,44.01,,120.295,23.757,10.0,5.1,,15.0,2.7,5.97,0.2,,907538|ISC-GEM|5.97|Mw
907610,ISC-GEM,ISC-GEM|ISC-GEM-Mw,1930,9,24,7,38,9.48,,128.93,11.258,63.5,20.8,,35.0,25.0,5.77,0.35,,907610|ISC-GEM|5.77|Mw
907611,ISC-GEM,ISC-GEM|ISC-GEM-Mw,1930,9,24,12,6,53.01,,127.177,9.699,16.0,10.5,,15.0,11.8,6.02,0.27,,907611|ISC-GEM|6.02|Mw
907626,ISC-GEM,ISC-GEM|ISC-GEM-Mw,1930,10,1,2,53,13.2,,122.277,17.14,15.7,9.8,,35.0,24.2,5.91,0.2,,907626|ISC-GEM|5.91|Mw
907727,ISC,ISC|PAS-Ms,1930,11,8,3,22,43.15,0.42,121.9172,3.7205,8.646,6.864,48.0,650.0,,6.9,0.2,,1954007|PAS|6.90|MS
907790,ISC-GEM,ISC-GEM|ISC-GEM-Mw,1930,12,8,6,19,58.95,,120.409,23.331,4.9,3.4,,15.0,6.8,5.97,0.2,,907790|ISC-GEM|5.97|Mw
907791,ISC-GEM,ISC-GEM|ISC-GEM-Mw,1930,12,8,8,1,2.81,,120.282,23.262,4.8,4.4,,15.0,6.8,6.21,0.27,,907791|ISC-GEM|6.21|Mw || 05951905|ISC|6.20|MS || 05951905|ISC|6.20|MS
907805,ISC-GEM,ISC-GEM|ISC-GEM-Mw,1930,12,15,15,59,25.77,,120.268,23.37,5.7,4.6,,15.0,6.8,5.78,0.22,,907805|ISC-GEM|5.78|Mw
907817,GUTE,GUTE|PAS-Ms,1930,12,21,14,51,24.0,,122.25,20.0,,,,170.0,,6.9,0.2,,1954114|PAS|6.90|MS
907822,ISC-GEM,ISC-GEM|ISC-GEM-Mw,1930,12,22,0,8,17.33,,120.351,23.418,5.6,3.8,,15.0,6.8,6.2,0.31,,907822|ISC-GEM|6.20|Mw
907824,ISC-GEM,ISC-GEM|ISC-GEM-Mw,1930,12,22,4,19,46.13,,120.478,23.387,4.7,3.7,,15.0,6.8,6.21,0.2,,907824|ISC-GEM|6.21|Mw
906543,ISC-GEM,ISC-GEM|ISC-GEM-Mw,1931,1,1,23,52,28.39,,122.463,23.951,6.1,3.3,,15.0,14.3,6.28,0.49,,906543|ISC-GEM|6.28|Mw
906588,ISC-GEM,ISC-GEM|ISC-GEM-Mw,1931,1,24,13,41,18.23,,126.036,10.442,11.8,7.2,,35.0,19.6,6.11,0.3,,906588|ISC-GEM|6.11|Mw || 1952447|PAS|6.20|MS || 1952447|PAS|6.20|MS
906642,ISC-GEM,ISC-GEM|ISC-GEM-Mw,1931,2,27,9,37,44.44,,126.126,2.052,10.6,5.8,,35.0,20.6,6.44,0.2,,906642|ISC-GEM|6.44|Mw || 1952528|PAS|6.80|MS || 05951924|ISC|6.40|MS || 1952528|PAS|6.80|MS || 05951924|ISC|6.40|MS
906681,ISC-GEM,ISC-GEM|ISC-GEM-Mw,1931,3,18,20,13,41.31,,126.276,5.822,8.0,6.3,,35.0,35.4,6.65,0.37,,906681|ISC-GEM|6.65|Mw || 1952587|PAS|7.00|MS || 05951930|ISC|6.70|MS || 1952587|PAS|7.00|MS || 05951930|ISC|6.70|MS
906682,ISC-GEM,ISC-GEM|ISC-GEM-Mw,1931,3,19,6,25,2.51,,120.382,18.104,6.5,5.3,,15.0,27.6,6.68,0.37,,906682|ISC-GEM|6.68|Mw || 1952590|PAS|6.90|MS || 05951931|ISC|6.70|MS || 1952590|PAS|6.90|MS || 05951931|ISC|6.70|MS
906684,ISC-GEM,ISC-GEM|ISC-GEM-Mw,1931,3,22,15,7,17.31,,122.381,15.602,27.0,11.7,,15.0,13.1,5.84,0.2,,906684|ISC-GEM|5.84|Mw
906692,ISC-GEM,ISC-GEM|ISC-GEM-Mw,1931,3,30,13,38,8.42,,120.76,18.602,15.1,13.1,,35.0,18.9,5.75,0.2,,906692|ISC-GEM|5.75|Mw
906783,ISC-GEM,ISC-GEM|ISC-GEM-Mw,1931,5,17,9,28,34.12,,117.554,22.9,12.2,6.8,,15.0,25.0,5.72,0.24,,906783|ISC-GEM|5.72|Mw
906789,ISC-GEM,ISC-GEM|ISC-GEM-Mw,1931,5,24,0,13,6.11,,125.616,10.267,12.5,9.2,,15.0,42.2,6.1,0.2,,906789|ISC-GEM|6.10|Mw || 1952749|PAS|6.20|MS || 1952749|PAS|6.20|MS
906801,ISC-GEM,ISC-GEM|ISC-GEM-Mw,1931,5,29,8,26,20.38,,120.626,13.189,44.3,18.9,,35.0,18.4,5.55,0.2,,906801|ISC-GEM|5.55|Mw
906870,ISC-GEM,ISC-GEM|ISC-GEM-Mw,1931,7,12,16,45,29.41,,123.889,12.71,7.9,6.3,,15.0,8.0,6.47,0.2,,906870|ISC-GEM|6.47|Mw || 1952873|PAS|6.50|MS || 05951943|ISC|6.50|MS || 1952873|PAS|6.50|MS || 05951943|ISC|6.50|MS
907028,ISC-GEM,ISC-GEM|ISC-GEM-Mw,1931,9,22,1,25,35.39,,122.556,15.263,23.7,9.8,,15.0,13.1,5.78,0.31,,907028|ISC-GEM|5.78|Mw
907096,ISC-GEM,ISC-GEM|ISC-GEM-Mw,1931,10,26,11,57,36.03,,126.398,7.956,28.2,13.3,,35.0,33.8,5.86,0.41,,907096|ISC-GEM|5.86|Mw || 1953222|PAS|5.60|MS || 1953222|PAS|5.60|MS
907097,GUTE,GUTE|PAS-Ms,1931,10,26,14,42,8.0,,126.25,13.25,,,,35.0,,5.6,0.2,,1953224|PAS|5.60|MS
907097,ISC-GEM,ISC-GEM|ISC-GEM-Mw,1931,10,26,14,42,12.77,,125.719,12.188,15.8,11.4,,35.0,13.4,5.67,0.29,,907097|ISC-GEM|5.67|Mw
907099,ISC-GEM,ISC-GEM|ISC-GEM-Mw,1931,10,28,5,35,19.44,,120.875,18.871,11.1,6.8,,25.0,13.6,6.19,0.36,,907099|ISC-GEM|6.19|Mw || 1953227|PAS|6.20|MS || 05951970|ISC|6.20|MS || 1953227|PAS|6.20|MS || 05951970|ISC|6.20|MS
905983,GUTE,GUTE|PAS-Ms,1932,1,18,20,26,47.0,,121.0,19.5,,,,35.0,,5.6,0.2,,1951428|PAS|5.60|MS
906124,GUTE,GUTE|PAS-Ms,1932,4,29,17,30,40.0,,127.0,7.0,,,,35.0,,5.6,0.2,,1951665|PAS|5.60|MS
906202,GUTE,GUTE|PAS-Ms,1932,6,6,6,26,21.0,,122.5,2.0,,,,280.0,,5.8,0.2,,1951795|PAS|5.80|MS
906213,ISC-GEM,ISC-GEM|ISC-GEM-Mw,1932,6,8,14,54,32.81,,125.779,8.146,16.2,11.2,,35.0,25.1,5.77,0.2,,906213|ISC-GEM|5.77|Mw || 1951816|PAS|6.20|MS || 1951816|PAS|6.20|MS
906216,ISC,ISC|PAS-Ms,1932,6,10,20,21,25.4,0.51,127.3387,5.2087,9.883,7.289,63.0,105.0,,6.8,0.2,,1951822|PAS|6.80|MS
906223,ISC-GEM,ISC-GEM|ISC-GEM-Mw,1932,6,13,20,57,36.11,,119.432,18.224,9.0,8.3,,15.0,4.1,6.08,0.26,,906223|ISC-GEM|6.08|Mw || 1951833|PAS|6.20|MS || 1951833|PAS|6.20|MS
906224,ISC-GEM,ISC-GEM|ISC-GEM-Mw,1932,6,14,5,59,35.3,,120.959,18.323,8.4,7.1,,35.0,18.9,6.11,0.26,,906224|ISC-GEM|6.11|Mw || 1951835|PAS|6.50|MS || 1951835|PAS|6.50|MS
906226,ISC-GEM,ISC-GEM|ISC-GEM-Mw,1932,6,14,11,20,14.7,,119.674,17.632,13.8,11.5,,15.0,17.3,5.94,0.36,,906226|ISC-GEM|5.94|Mw || 1951839|PAS|6.00|MS || 1951839|PAS|6.00|MS
906281,GUTE,GUTE|PAS-Ms,1932,7,9,20,23,54.0,,126.5,5.5,,,,120.0,,6.0,0.2,,1951929|PAS|6.00|MS
906284,ISC-GEM,ISC-GEM|ISC-GEM-Mw,1932,7,11,8,21,34.53,,125.289,12.34,22.4,15.1,,35.0,11.1,5.82,0.2,,906284|ISC-GEM|5.82|Mw || 1951937|PAS|5.60|MS || 1951937|PAS|5.60|MS
906297,GUTE,GUTE|PAS-Ms,1932,7,18,5,2,5.0,,120.0,14.0,,,,100.0,,6.0,0.2,,1951956|PAS|6.00|MS
906320,ISC-GEM,ISC-GEM|ISC-GEM-Mw,1932,8,5,0,45,48.24,,122.522,17.691,54.1,31.3,,15.0,7.2,5.63,0.2,,906320|ISC-GEM|5.63|Mw
906345,ISC-GEM,ISC-GEM|ISC-GEM-Mw,1932,8,21,4,15,37.91,,122.286,23.998,5.5,4.2,,25.0,14.3,6.49,0.29,,906345|ISC-GEM|6.49|Mw
906349,ISC-GEM,ISC-GEM|ISC-GEM-Mw,1932,8,24,12,10,35.82,,120.381,16.456,10.4,7.6,,15.0,8.6,6.09,0.21,,906349|ISC-GEM|6.09|Mw || 1952052|PAS|6.20|MS || 1952052|PAS|6.20|MS
906370,ISC-GEM,ISC-GEM|ISC-GEM-Mw,1932,9,15,11,13,20.17,,120.658,5.947,10.8,8.0,,15.0,25.0,6.17,0.28,,906370|ISC-GEM|6.17|Mw || 1952089|PAS|6.20|MS || 1952089|PAS|6.20|MS
906414,GUTE,GUTE|PAS-Ms,1932,10,9,12,49,49.0,,122.5,23.5,,,,130.0,,6.0,0.2,,1952154|PAS|6.00|MS
906435,ISC-GEM,ISC-GEM|ISC-GEM-Mw,1932,10,23,21,27,55.65,,122.543,23.948,6.9,4.1,,35.0,14.3,6.18,0.51,,906435|ISC-GEM|6.18|Mw
906460,GUTE,GUTE|PAS-Ms,1932,11,18,13,47,16.0,,124.5,2.0,,,,280.0,,6.5,0.2,,1952237|PAS|6.50|MS
906486,ISC-GEM,ISC-GEM|ISC-GEM-Mw,1932,12,4,8,11,17.62,,121.039,2.433,7.3,5.3,,15.0,4.5,6.99,0.48,,906486|ISC-GEM|6.99|Mw || 1952279|PAS|7.10|MS || 05952023|ISC|7.20|MS || 1952279|PAS|7.10|MS || 05952023|ISC|7.20|MS
906487,ISC-GEM,ISC-GEM|ISC-GEM-Mw,1932,12,4,10,33,0.04,,120.99,2.411,9.5,6.8,,15.0,25.0,6.19,0.4,,906487|ISC-GEM|6.19|Mw || 1952283|PAS|6.20|MS || 05952024|ISC|6.40|MS || 1952283|PAS|6.20|MS || 05952024|ISC|6.40|MS
906501,ISC-GEM,ISC-GEM|ISC-GEM-Mw,1932,12,15,19,33,45.22,,121.072,20.984,7.5,5.0,,35.0,21.8,5.95,0.2,,906501|ISC-GEM|5.95|Mw || 1952309|PAS|6.00|MS || 1952309|PAS|6.00|MS
906502,ISC-GEM,ISC-GEM|ISC-GEM-Mw,1932,12,16,7,14,20.29,,125.974,7.193,22.0,13.3,,15.0,20.8,5.86,0.36,,906502|ISC-GEM|5.86|Mw
906502,GUTE,GUTE|PAS-Ms,1932,12,16,7,14,22.0,,127.0,7.0,,,,35.0,,5.6,0.2,,1952311|PAS|5.60|MS
905388,ISC-GEM,ISC-GEM|ISC-GEM-Mw,1933,2,16,9,8,15.73,,126.138,2.228,16.7,8.1,,35.0,20.6,5.75,0.2,,905388|ISC-GEM|5.75|Mw || 1950419|PAS|5.60|MS || 1950419|PAS|5.60|MS
905403,ISC-GEM,ISC-GEM|ISC-GEM-Mw,1933,2,22,3,47,55.99,,126.658,4.24,46.1,16.7,,25.0,23.2,5.68,0.2,,905403|ISC-GEM|5.68|Mw
905403,GUTE,GUTE|PAS-Ms,1933,2,22,3,48,10.0,,125.0,5.5,,,,35.0,,5.6,0.2,,1950442|PAS|5.60|MS
905427,ISC-GEM,ISC-GEM|ISC-GEM-Mw,1933,3,3,2,19,32.27,,120.225,15.745,11.9,7.1,,15.0,15.4,5.78,0.2,,905427|ISC-GEM|5.78|Mw || 1950477|PAS|6.50|MS || 1950477|PAS|6.50|MS
905474,ISC-GEM,ISC-GEM|ISC-GEM-Mw,1933,3,17,19,32,30.8,,127.118,6.253,7.9,7.0,,35.0,34.3,6.63,0.46,,905474|ISC-GEM|6.63|Mw || 1950547|PAS|6.80|MS || 05952047|ISC|6.80|MS || 1950547|PAS|6.80|MS || 05952047|ISC|6.80|MS
905494,GUTE,GUTE|PAS-Ms,1933,4,1,8,7,35.0,,127.0,6.0,,,,35.0,,5.6,0.2,,1950580|PAS|5.60|MS
905621,ISC-GEM,ISC-GEM|ISC-GEM-Mw,1933,6,6,2,28,26.58,,120.46,13.248,11.5,8.6,,35.0,18.4,6.17,0.37,,905621|ISC-GEM|6.17|Mw || 1950792|PAS|6.20|MS || 1950792|PAS|6.20|MS
905656,GUTE,GUTE|PAS-Ms,1933,6,24,13,55,0.0,,126.0,4.0,,,,35.0,,5.6,0.2,,1950859|PAS|5.60|MS
905754,ISC-GEM,ISC-GEM|ISC-GEM-Mw,1933,8,7,12,34,49.13,,127.15,10.36,27.7,22.8,,15.0,25.0,5.75,0.32,,905754|ISC-GEM|5.75|Mw
905767,ISC-GEM,ISC-GEM|ISC-GEM-Mw,1933,8,20,11,45,9.91,,124.847,13.185,9.2,6.8,,20.0,4.6,6.29,0.32,,905767|ISC-GEM|6.29|Mw || 1951055|PAS|6.50|MS || 05952070|ISC|6.30|MS || 1951055|PAS|6.50|MS || 05952070|ISC|6.30|MS
905772,ISC-GEM,ISC-GEM|ISC-GEM-Mw,1933,8,22,13,12,55.78,,125.21,12.471,16.0,11.4,,35.0,19.4,5.84,0.2,,905772|ISC-GEM|5.84|Mw
905795,GUTE,GUTE|PAS-Ms,1933,9,3,3,45,59.0,,126.0,3.0,,,,35.0,,5.6,0.2,,1951102|PAS|5.60|MS
905801,ISC-GEM,ISC-GEM|ISC-GEM-Mw,1933,9,7,17,53,38.12,,126.267,6.311,19.8,13.7,,35.0,24.7,5.63,0.2,,905801|ISC-GEM|5.63|Mw || 1951113|PAS|6.20|MS || 1951113|PAS|6.20|MS
905821,ISC-GEM,ISC-GEM|ISC-GEM-Mw,1933,9,20,23,33,37.31,,120.851,12.921,11.5,9.2,,35.0,28.1,5.82,0.2,,905821|ISC-GEM|5.82|Mw || 1951148|PAS|6.50|MS || 1951148|PAS|6.50|MS
905833,ISC-GEM,ISC-GEM|ISC-GEM-Mw,1933,9,25,13,45,53.87,,126.135,6.002,15.0,7.1,,35.0,36.5,5.95,0.2,,905833|ISC-GEM|5.95|Mw || 1951168|PAS|6.00|MS || 1951168|PAS|6.00|MS
905840,GUTE,GUTE|PAS-Ms,1933,9,28,0,27,58.0,,127.0,7.0,,,,100.0,,5.8,0.2,,1951181|PAS|5.80|MS
905940,ISC-GEM,ISC-GEM|ISC-GEM-Mw,1933,12,2,8,43,8.49,,122.136,20.478,11.2,8.2,,15.0,24.1,5.78,0.2,,905940|ISC-GEM|5.78|Mw
904747,ISC-GEM,ISC-GEM|ISC-GEM-Mw,1934,1,16,18,39,49.27,,124.95,5.986,11.8,7.9,,35.0,19.1,6.14,0.2,,904747|ISC-GEM|6.14|Mw || 1949352|PAS|6.20|MS || 1949352|PAS|6.20|MS
904758,ISC-GEM,ISC-GEM|ISC-GEM-Mw,1934,1,21,6,55,27.16,,124.176,23.736,21.0,7.8,,15.0,6.3,6.38,0.2,,904758|ISC-GEM|6.38|Mw
904793,ISC-GEM,ISC-GEM|ISC-GEM-Mw,1934,2,14,3,59,39.1,,119.292,17.496,4.9,4.5,,15.0,4.6,7.5,0.2,,904793|ISC-GEM|7.50|Mw || 1949432|PAS|7.60|MS || 05952104|ISC|7.60|MS || PS1992274|ps1992-ph|7.40|Ms || 1949432|PAS|7.60|MS || 05952104|ISC|7.60|MS || PS1992274|ps1992-ph|7.40|Ms
904794,ISC-GEM,ISC-GEM|ISC-GEM-Mw,1934,2,14,17,14,45.85,,118.95,17.666,13.4,9.6,,15.0,25.0,5.77,0.24,,904794|ISC-GEM|5.77|Mw
904814,ISC-GEM,ISC-GEM|ISC-GEM-Mw,1934,2,25,16,22,58.79,,118.995,17.395,16.0,9.2,,15.0,25.0,5.77,0.2,,904814|ISC-GEM|5.77|Mw
904882,ISC-GEM,ISC-GEM|ISC-GEM-Mw,1934,4,12,3,20,47.43,,120.228,19.532,9.4,6.5,,15.0,7.2,5.75,0.28,,904882|ISC-GEM|5.75|Mw || 1949586|PAS|5.60|MS || 1949586|PAS|5.60|MS
904890,ISC-GEM,ISC-GEM|ISC-GEM-Mw,1934,4,15,22,15,22.51,,126.662,7.689,8.7,6.8,,35.0,36.0,7.17,0.46,,904890|ISC-GEM|7.17|Mw || 1949598|PAS|7.30|MS || 05952119|ISC|7.20|MS || PS1992278|ps1992-ph|7.00|Ms || 1949598|PAS|7.30|MS || 05952119|ISC|7.20|MS || PS1992278|ps1992-ph|7.00|Ms
904891,ISC-GEM,ISC-GEM|ISC-GEM-Mw,1934,4,16,3,59,24.08,,126.925,7.906,14.0,10.2,,35.0,15.6,5.99,0.48,,904891|ISC-GEM|5.99|Mw || 1949601|PAS|6.00|MS || 1949601|PAS|6.00|MS
904892,ISC-GEM,ISC-GEM|ISC-GEM-Mw,1934,4,16,13,40,22.37,,120.928,21.537,7.0,6.3,,15.0,9.2,5.71,0.2,,904892|ISC-GEM|5.71|Mw || 1949603|PAS|6.00|MS || 1949603|PAS|6.00|MS
904923,ISC-GEM,ISC-GEM|ISC-GEM-Mw,1934,5,7,1,54,58.06,,127.773,9.432,29.0,19.2,,15.0,25.0,5.75,0.2,,904923|ISC-GEM|5.75|Mw
904924,ISC-GEM,ISC-GEM|ISC-GEM-Mw,1934,5,7,4,6,40.17,,127.106,9.192,24.4,17.7,,15.0,16.2,5.63,0.2,,904924|ISC-GEM|5.63|Mw
904934,ISC-GEM,ISC-GEM|ISC-GEM-Mw,1934,5,13,17,3,0.8,,121.641,17.988,21.5,9.7,,35.0,10.8,5.6,0.2,,904934|ISC-GEM|5.60|Mw
904945,ISC-GEM,ISC-GEM|ISC-GEM-Mw,1934,5,21,4,36,21.51,,121.873,22.596,31.3,25.6,,15.0,11.2,5.83,0.22,,904945|ISC-GEM|5.83|Mw
904987,GUTE,GUTE|PAS-Ms,1934,6,14,19,8,36.0,,121.0,2.0,,,,35.0,,5.6,0.2,,1949773|PAS|5.60|MS
905064,ISC-GEM,ISC-GEM|ISC-GEM-Mw,1934,7,21,4,37,31.58,,120.283,16.384,17.8,9.2,,15.0,8.6,5.82,0.2,,905064|ISC-GEM|5.82|Mw
905084,ISC-GEM,ISC-GEM|ISC-GEM-Mw,1934,7,31,5,58,38.94,,120.075,14.879,10.5,8.3,,35.0,18.9,5.87,0.28,,905084|ISC-GEM|5.87|Mw || 1949940|PAS|5.60|MS || 1949940|PAS|5.60|MS
905105,ISC-GEM,ISC-GEM|ISC-GEM-Mw,1934,8,12,23,49,23.99,,126.728,8.151,7.3,5.5,,35.0,33.8,6.86,0.41,,905105|ISC-GEM|6.86|Mw || 1949978|PAS|6.90|MS || 05952150|ISC|7.00|MS || 1949978|PAS|6.90|MS || 05952150|ISC|7.00|MS
905151,ISC-GEM,ISC-GEM|ISC-GEM-Mw,1934,9,6,2,16,37.82,,125.905,7.149,17.9,12.9,,15.0,20.8,5.69,0.45,,905151|ISC-GEM|5.69|Mw || 1950046|PAS|6.00|MS || 1950046|PAS|6.00|MS
905237,ISC-GEM,ISC-GEM|ISC-GEM-Mw,1934,10,28,23,36,11.47,,123.389,23.529,8.9,4.3,,15.0,7.1,5.67,0.33,,905237|ISC-GEM|5.67|Mw || 1950160|PAS|5.60|MS || 1950160|PAS|5.60|MS
905242,ISC-GEM,ISC-GEM|ISC-GEM-Mw,1934,10,30,20,53,2.05,,125.281,7.591,33.3,20.0,,15.0,23.9,5.67,0.35,,905242|ISC-GEM|5.67|Mw
905287,ISC-GEM,ISC-GEM|ISC-GEM-Mw,1934,11,26,12,9,12.57,,120.414,13.763,6.9,6.3,,35.0,27.7,6.2,0.44,,905287|ISC-GEM|6.20|Mw || 1950244|PAS|6.20|MS || 1950244|PAS|6.20|MS
905289,ISC-GEM,ISC-GEM|ISC-GEM-Mw,1934,11,27,6,14,12.16,,127.2,2.263,7.8,5.8,,15.0,17.1,6.36,0.36,,905289|ISC-GEM|6.36|Mw || 1950248|PAS|6.80|MS || 05952165|ISC|6.40|MS || 1950248|PAS|6.80|MS || 05952165|ISC|6.40|MS
904036,ISC-GEM,ISC-GEM|ISC-GEM-Mw,1935,1,11,0,8,22.42,,120.097,18.894,16.6,11.6,,15.0,5.0,6.01,0.35,,904036|ISC-GEM|6.01|Mw
904046,ISC-GEM,ISC-GEM|ISC-GEM-Mw,1935,1,18,17,13,49.51,,125.276,23.801,9.7,5.2,,15.0,12.6,6.01,0.25,,904046|ISC-GEM|6.01|Mw
904079,GUTE,GUTE|PAS-Ms,1935,2,4,21,7,31.0,,127.0,2.5,,,,80.0,,6.5,0.2,,1948287|PAS|6.50|MS
904081,ISC-GEM,ISC-GEM|ISC-GEM-Mw,1935,2,7,17,29,7.26,,122.874,13.527,11.6,9.4,,15.0,17.6,6.04,0.2,,904081|ISC-GEM|6.04|Mw || 1948293|PAS|6.00|MS || 1948293|PAS|6.00|MS
904109,ISC-GEM,ISC-GEM|ISC-GEM-Mw,1935,2,27,9,9,19.79,,126.33,2.232,11.6,9.4,,15.0,20.0,5.97,0.3,,904109|ISC-GEM|5.97|Mw || 1948338|PAS|6.00|MS || 1948338|PAS|6.00|MS
904167,ISC-GEM,ISC-GEM|ISC-GEM-Mw,1935,3,24,14,26,54.83,,123.578,21.841,11.6,6.2,,15.0,25.0,5.47,0.36,,904167|ISC-GEM|5.47|Mw
904271,ISC-GEM,ISC-GEM|ISC-GEM-Mw,1935,5,7,5,55,27.89,,126.269,5.656,16.0,8.7,,15.0,24.0,5.96,0.55,,904271|ISC-GEM|5.96|Mw || 1948574|PAS|6.00|MS || 1948574|PAS|6.00|MS
904288,ISC-GEM,ISC-GEM|ISC-GEM-Mw,1935,5,20,5,21,35.32,,126.627,3.722,10.9,8.8,,15.0,19.1,6.01,0.2,,904288|ISC-GEM|6.01|Mw || 1948600|PAS|6.00|MS || 1948600|PAS|6.00|MS
904298,ISC-GEM,ISC-GEM|ISC-GEM-Mw,1935,5,24,5,36,41.64,,124.941,12.086,8.9,5.9,,45.0,14.8,6.79,0.42,,904298|ISC-GEM|6.79|Mw || 1948617|PAS|6.80|MS || 05952191|ISC|6.70|MS || 1948617|PAS|6.80|MS || 05952191|ISC|6.70|MS
904299,ISC-GEM,ISC-GEM|ISC-GEM-Mw,1935,5,25,0,8,0.88,,125.714,12.131,10.0,7.8,,25.0,13.4,6.08,0.2,,904299|ISC-GEM|6.08|Mw || 1948620|PAS|6.20|MS || 1948620|PAS|6.20|MS
904302,ISC-GEM,ISC-GEM|ISC-GEM-Mw,1935,5,25,8,33,4.21,,125.586,11.746,17.8,15.5,,25.0,16.9,5.71,0.2,,904302|ISC-GEM|5.71|Mw
904303,ISC-GEM,ISC-GEM|ISC-GEM-Mw,1935,5,26,22,3,53.5,,125.804,12.034,10.1,7.6,,25.0,6.5,6.17,0.2,,904303|ISC-GEM|6.17|Mw || 1948625|PAS|6.20|MS || 1948625|PAS|6.20|MS
904318,ISC-GEM,ISC-GEM|ISC-GEM-Mw,1935,6,1,14,39,47.53,,126.811,7.737,11.1,9.0,,35.0,16.3,5.77,0.35,,904318|ISC-GEM|5.77|Mw || 1948647|PAS|6.00|MS || 1948647|PAS|6.00|MS
904338,ISC-GEM,ISC-GEM|ISC-GEM-Mw,1935,6,9,6,33,59.09,,125.692,11.61,14.6,11.7,,25.0,16.9,5.7,0.32,,904338|ISC-GEM|5.70|Mw
904347,ISC-GEM,ISC-GEM|ISC-GEM-Mw,1935,6,18,22,27,46.69,,125.592,12.408,9.3,8.1,,25.0,11.1,5.96,0.2,,904347|ISC-GEM|5.96|Mw || 1948686|PAS|6.20|MS || 1948686|PAS|6.20|MS
904378,ISC-GEM,ISC-GEM|ISC-GEM-Mw,1935,7,7,13,23,19.09,,119.504,18.195,7.1,5.1,,15.0,4.1,6.12,0.36,,904378|ISC-GEM|6.12|Mw
904445,ISC-GEM,ISC-GEM|ISC-GEM-Mw,1935,8,1,14,6,38.85,,125.821,11.732,10.5,7.2,,25.0,16.2,6.19,0.36,,904445|ISC-GEM|6.19|Mw
904467,ISC-GEM,ISC-GEM|ISC-GEM-Mw,1935,8,17,20,26,23.76,,119.882,19.023,45.9,14.6,,15.0,5.0,5.67,0.2,,904467|ISC-GEM|5.67|Mw
904497,ISC-GEM,ISC-GEM|ISC-GEM-Mw,1935,9,4,1,37,43.77,,121.284,22.331,4.4,3.6,,15.0,3.8,7.09,0.53,,904497|ISC-GEM|7.09|Mw || 1948927|PAS|7.20|MS || 05952204|ISC|7.00|MS || PS1992283|ps1992-ph|7.00|Ms || 1948927|PAS|7.20|MS || 05952204|ISC|7.00|MS || PS1992283|ps1992-ph|7.00|Ms
904500,ISC-GEM,ISC-GEM|ISC-GEM-Mw,1935,9,4,3,28,4.68,,121.132,22.392,5.6,4.1,,15.0,6.2,6.19,0.33,,904500|ISC-GEM|6.19|Mw
904555,GUTE,GUTE|PAS-Ms,1935,10,4,5,15,36.0,,125.0,6.0,,,,500.0,,6.5,0.2,,1949043|PAS|6.50|MS
904572,ISC-GEM,ISC-GEM|ISC-GEM-Mw,1935,10,10,20,8,10.3,,126.6,11.4,27.1,20.4,,15.0,5.1,5.77,0.2,,904572|ISC-GEM|5.77|Mw
904633,ISC-GEM,ISC-GEM|ISC-GEM-Mw,1935,11,5,20,57,19.76,,126.637,5.158,21.3,15.3,,15.0,35.9,6.07,0.22,,904633|ISC-GEM|6.07|Mw
904654,ISC-GEM,ISC-GEM|ISC-GEM-Mw,1935,11,16,5,50,11.39,,125.819,11.874,19.2,17.9,,15.0,6.5,6.01,0.2,,904654|ISC-GEM|6.01|Mw
904700,ISC-GEM,ISC-GEM|ISC-GEM-Mw,1935,12,17,19,17,35.5,,125.782,22.502,5.0,4.3,,15.0,22.6,6.99,0.54,,904700|ISC-GEM|6.99|Mw || 1949274|PAS|7.20|MS || 05952233|ISC|7.00|MS || PS1992290|ps1992-ph|7.00|Ms || 1949274|PAS|7.20|MS || 05952233|ISC|7.00|MS || PS1992290|ps1992-ph|7.00|Ms
904701,ISC-GEM,ISC-GEM|ISC-GEM-Mw,1935,12,17,22,34,3.16,,125.164,22.868,13.5,8.6,,15.0,51.0,5.74,0.2,,904701|ISC-GEM|5.74|Mw
904716,ISC-GEM,ISC-GEM|ISC-GEM-Mw,1935,12,22,12,24,12.03,,126.87,9.861,29.0,17.4,,15.0,12.7,5.6,0.2,,904716|ISC-GEM|5.60|Mw
903444,ISC-GEM,ISC-GEM|ISC-GEM-Mw,1936,1,20,16,56,18.23,,126.633,5.827,8.9,5.7,,35.0,35.4,6.66,0.35,,903444|ISC-GEM|6.66|Mw || 1947324|PAS|7.10|MS || 05952244|ISC|6.70|MS || 1947324|PAS|7.10|MS || 05952244|ISC|6.70|MS
903538,ISC-GEM,ISC-GEM|ISC-GEM-Mw,1936,4,1,2,9,27.54,,126.379,4.264,7.5,5.8,,35.0,6.7,7.75,0.32,,903538|ISC-GEM|7.75|Mw || 1947476|PAS|7.70|MS || 05952258|ISC|7.80|MS || PS1992293|ps1992-ph|7.60|Ms || 1947476|PAS|7.70|MS || 05952258|ISC|7.80|MS || PS1992293|ps1992-ph|7.60|Ms
903541,ISC-GEM,ISC-GEM|ISC-GEM-Mw,1936,4,1,20,10,59.87,,126.655,3.838,7.8,6.0,,35.0,23.2,6.68,0.23,,903541|ISC-GEM|6.68|Mw || 05952259|ISC|6.70|MS || 05952259|ISC|6.70|MS
903554,ISC-GEM,ISC-GEM|ISC-GEM-Mw,1936,4,10,16,53,43.51,,124.878,6.138,19.5,9.0,,25.0,19.1,5.68,0.46,,903554|ISC-GEM|5.68|Mw
903556,ISC-GEM,ISC-GEM|ISC-GEM-Mw,1936,4,11,23,38,4.13,,125.812,11.703,15.6,12.7,,15.0,16.2,5.7,0.2,,903556|ISC-GEM|5.70|Mw
903582,ISC-GEM,ISC-GEM|ISC-GEM-Mw,1936,4,25,4,36,24.47,,124.714,9.659,34.6,15.1,,25.0,14.9,5.6,0.64,,903582|ISC-GEM|5.60|Mw
903638,GUTE,GUTE|PAS-Ms,1936,5,20,0,16,1.0,,121.5,13.5,,,,160.0,,6.0,0.2,,1947624|PAS|6.00|MS
903652,ISC-GEM,ISC-GEM|ISC-GEM-Mw,1936,5,28,12,28,28.17,,120.481,22.042,6.0,5.1,,15.0,9.7,5.87,0.45,,903652|ISC-GEM|5.87|Mw
903734,ISC-GEM,ISC-GEM|ISC-GEM-Mw,1936,7,5,18,55,15.87,,126.804,6.04,7.2,6.8,,35.0,40.3,6.78,0.27,,903734|ISC-GEM|6.78|Mw || 1947769|PAS|7.30|MS || 05952279|ISC|6.70|MS || 1947769|PAS|7.30|MS || 05952279|ISC|6.70|MS
903735,ISC-GEM,ISC-GEM|ISC-GEM-Mw,1936,7,6,1,55,19.25,,127.624,3.984,22.0,16.0,,15.0,25.0,5.75,0.3,,903735|ISC-GEM|5.75|Mw
903773,ISC-GEM,ISC-GEM|ISC-GEM-Mw,1936,8,4,14,9,43.19,,120.943,19.187,8.9,6.0,,25.0,13.6,5.98,0.42,,903773|ISC-GEM|5.98|Mw || 1947828|PAS|5.60|MS || 1947828|PAS|5.60|MS
903778,ISC-GEM,ISC-GEM|ISC-GEM-Mw,1936,8,9,16,7,10.92,,120.83,19.613,11.4,7.6,,25.0,10.8,5.93,0.47,,903778|ISC-GEM|5.93|Mw
903785,ISC-GEM,ISC-GEM|ISC-GEM-Mw,1936,8,13,20,2,46.39,,126.373,8.842,9.5,6.5,,35.0,15.8,6.56,0.35,,903785|ISC-GEM|6.56|Mw || 1947842|PAS|6.80|MS || 05952284|ISC|6.50|MS || 1947842|PAS|6.80|MS || 05952284|ISC|6.50|MS
903786,ISC-GEM,ISC-GEM|ISC-GEM-Mw,1936,8,14,22,34,56.25,,126.74,8.99,22.6,15.2,,15.0,15.8,6.03,0.46,,903786|ISC-GEM|6.03|Mw
903796,ISC-GEM,ISC-GEM|ISC-GEM-Mw,1936,8,22,6,51,34.87,,121.24,21.963,4.4,3.6,,15.0,4.0,7.13,0.58,,903796|ISC-GEM|7.13|Mw || 1947858|PAS|7.20|MS || 05952286|ISC|7.20|MS || PS1992297|ps1992-ph|7.10|Ms || 1947858|PAS|7.20|MS || 05952286|ISC|7.20|MS || PS1992297|ps1992-ph|7.10|Ms
903797,ISC-GEM,ISC-GEM|ISC-GEM-Mw,1936,8,22,11,9,17.85,,121.065,22.142,7.7,4.7,,10.0,10.6,5.84,0.22,,903797|ISC-GEM|5.84|Mw
903864,ISC-GEM,ISC-GEM|ISC-GEM-Mw,1936,10,5,6,8,39.89,,122.61,8.914,15.7,10.1,,35.0,9.0,5.86,0.31,,903864|ISC-GEM|5.86|Mw || 1947961|PAS|5.80|MS || 1947961|PAS|5.80|MS
903873,ISC-GEM,ISC-GEM|ISC-GEM-Mw,1936,10,10,3,8,14.97,,127.46,6.893,15.5,10.9,,15.0,16.2,5.73,0.2,,903873|ISC-GEM|5.73|Mw
903970,ISC-GEM,ISC-GEM|ISC-GEM-Mw,1936,11,29,22,50,12.71,,121.221,22.057,7.9,5.4,,15.0,10.6,5.84,0.21,,903970|ISC-GEM|5.84|Mw
903978,ISC-GEM,ISC-GEM|ISC-GEM-Mw,1936,12,8,10,24,26.67,,125.36,10.231,11.8,9.6,,15.0,25.0,5.83,0.2,,903978|ISC-GEM|5.83|Mw
903985,ISC-GEM,ISC-GEM|ISC-GEM-Mw,1936,12,14,4,3,41.46,,119.976,13.81,10.4,7.7,,25.0,16.3,6.11,0.2,,903985|ISC-GEM|6.11|Mw
902915,ISC-GEM,ISC-GEM|ISC-GEM-Mw,1937,1,15,5,10,59.19,,126.496,2.144,20.8,11.6,,15.0,20.0,5.72,0.2,,902915|ISC-GEM|5.72|Mw
902926,ISC-GEM,ISC-GEM|ISC-GEM-Mw,1937,1,29,14,7,19.4,,122.249,23.983,7.7,5.0,,35.0,6.4,5.63,0.2,,902926|ISC-GEM|5.63|Mw
902929,ISC-GEM,ISC-GEM|ISC-GEM-Mw,1937,1,29,21,18,18.5,,123.42,23.899,9.2,5.7,,35.0,5.1,5.66,0.2,,902929|ISC-GEM|5.66|Mw
902954,ISC-GEM,ISC-GEM|ISC-GEM-Mw,1937,2,20,5,55,55.0,,119.868,16.203,17.2,8.4,,25.0,21.2,5.35,0.2,,902954|ISC-GEM|5.35|Mw
902996,ISC-GEM,ISC-GEM|ISC-GEM-Mw,1937,3,16,15,45,41.85,,120.275,18.006,6.4,5.1,,15.0,27.6,5.9,0.2,,902996|ISC-GEM|5.90|Mw || 1946603|PAS|6.50|MS || 05952315|ISC|5.70|MS || 1946603|PAS|6.50|MS || 05952315|ISC|5.70|MS
903014,ISC-GEM,ISC-GEM|ISC-GEM-Mw,1937,3,26,15,43,8.66,,124.736,7.327,25.9,12.9,,15.0,7.9,5.44,0.2,,903014|ISC-GEM|5.44|Mw
903025,ISC-GEM,ISC-GEM|ISC-GEM-Mw,1937,4,3,11,20,27.75,,120.86,23.279,7.3,4.1,,10.0,7.2,5.63,0.23,,903025|ISC-GEM|5.63|Mw
903026,ISC-GEM,ISC-GEM|ISC-GEM-Mw,1937,4,3,21,10,38.4,,119.746,15.427,9.1,7.3,,25.0,13.3,5.77,0.2,,903026|ISC-GEM|5.77|Mw
903033,ISC-GEM,ISC-GEM|ISC-GEM-Mw,1937,4,9,14,4,56.97,,120.843,23.178,5.1,4.1,,15.0,6.6,5.62,0.31,,903033|ISC-GEM|5.62|Mw
903120,ISC-GEM,ISC-GEM|ISC-GEM-Mw,1937,6,20,18,28,39.17,,126.734,11.735,36.5,20.1,,15.0,5.1,5.62,0.2,,903120|ISC-GEM|5.62|Mw
903195,ISC-GEM,ISC-GEM|ISC-GEM-Mw,1937,8,8,15,21,6.69,,126.192,5.048,48.3,31.5,,15.0,23.1,5.67,0.53,,903195|ISC-GEM|5.67|Mw
903202,ISC-GEM,ISC-GEM|ISC-GEM-Mw,1937,8,15,4,27,17.43,,120.895,19.277,12.4,7.2,,35.0,10.8,6.01,0.32,,903202|ISC-GEM|6.01|Mw
903210,ISC-GEM,ISC-GEM|ISC-GEM-Mw,1937,8,20,11,59,21.42,,121.675,14.569,5.8,5.3,,15.0,3.8,7.64,0.47,,903210|ISC-GEM|7.64|Mw || 1946936|PAS|7.50|MS || 05952334|ISC|7.60|MS || PS1992303|ps1992-ph|7.30|Ms || 1946936|PAS|7.50|MS || 05952334|ISC|7.60|MS || PS1992303|ps1992-ph|7.30|Ms
903258,ISC-GEM,ISC-GEM|ISC-GEM-Mw,1937,9,21,9,39,48.29,,126.365,1.972,9.2,6.8,,15.0,20.0,6.2,0.2,,903258|ISC-GEM|6.20|Mw || 1947018|PAS|6.90|MS || 1947018|PAS|6.90|MS
903260,ISC-GEM,ISC-GEM|ISC-GEM-Mw,1937,9,22,3,11,7.73,,123.841,12.391,9.5,8.5,,15.0,8.0,6.26,0.25,,903260|ISC-GEM|6.26|Mw
903356,GUTE,GUTE|PAS-Ms,1937,11,26,10,45,14.0,,123.0,24.0,,,,50.0,,6.0,0.2,,1947171|PAS|6.00|MS
903375,ISC-GEM,ISC-GEM|ISC-GEM-Mw,1937,12,8,8,32,11.03,,121.276,22.91,4.1,2.5,,15.0,3.8,6.9,0.38,,903375|ISC-GEM|6.90|Mw || 1947206|PAS|7.00|MS || 05952351|ISC|7.00|MS || 1947206|PAS|7.00|MS || 05952351|ISC|7.00|MS
903377,ISC-GEM,ISC-GEM|ISC-GEM-Mw,1937,12,8,20,38,44.94,,121.467,22.785,6.9,3.6,,15.0,7.3,6.13,0.2,,903377|ISC-GEM|6.13|Mw
903382,ISC-GEM,ISC-GEM|ISC-GEM-Mw,1937,12,13,18,53,59.15,,121.372,22.69,3.9,3.0,,15.0,3.8,6.65,0.51,,903382|ISC-GEM|6.65|Mw || 05952352|ISC|6.80|MS || 05952352|ISC|6.80|MS
903389,ISC-GEM,ISC-GEM|ISC-GEM-Mw,1937,12,16,18,25,11.08,,125.542,14.095,9.8,9.2,,15.0,25.0,5.73,0.2,,903389|ISC-GEM|5.73|Mw
903392,ISC-GEM,ISC-GEM|ISC-GEM-Mw,1937,12,17,9,32,16.97,,121.393,23.089,3.9,2.5,,15.0,7.3,6.6,0.23,,903392|ISC-GEM|6.60|Mw || 05952353|ISC|6.60|MS || 05952353|ISC|6.60|MS
902358,ISC-GEM,ISC-GEM|ISC-GEM-Mw,1938,2,5,9,54,59.38,,123.708,13.203,9.6,7.9,,15.0,10.6,6.07,0.63,,902358|ISC-GEM|6.07|Mw || 1945566|PAS|6.50|MS || 1945566|PAS|6.50|MS
902373,ISC-GEM,ISC-GEM|ISC-GEM-Mw,1938,2,11,14,39,27.06,,119.517,17.959,16.9,9.4,,15.0,4.1,5.82,0.2,,902373|ISC-GEM|5.82|Mw
902397,ISC-GEM,ISC-GEM|ISC-GEM-Mw,1938,3,10,16,20,53.11,,126.436,6.571,24.9,23.9,,35.0,24.7,6.03,0.21,,902397|ISC-GEM|6.03|Mw
902417,ISC-GEM,ISC-GEM|ISC-GEM-Mw,1938,3,31,22,31,16.04,,120.407,19.801,8.1,5.0,,15.0,6.0,6.21,0.27,,902417|ISC-GEM|6.21|Mw || 1945660|PAS|6.50|MS || 1945660|PAS|6.50|MS
902418,ISC-GEM,ISC-GEM|ISC-GEM-Mw,1938,4,1,0,43,54.53,,120.847,20.009,17.2,13.5,,25.0,10.4,5.92,0.2,,902418|ISC-GEM|5.92|Mw
902421,ISC-GEM,ISC-GEM|ISC-GEM-Mw,1938,4,1,21,31,17.28,,120.368,19.941,8.4,5.1,,15.0,6.0,6.02,0.24,,902421|ISC-GEM|6.02|Mw
902499,ISC-GEM,ISC-GEM|ISC-GEM-Mw,1938,5,23,8,21,51.08,,120.058,17.987,5.9,4.9,,15.0,18.4,7.07,0.24,,902499|ISC-GEM|7.07|Mw || 1945807|PAS|7.00|MS || 05952378|ISC|7.20|MS || 1945807|PAS|7.00|MS || 05952378|ISC|7.20|MS
902542,ISC-GEM,ISC-GEM|ISC-GEM-Mw,1938,6,16,22,50,30.4,,122.362,23.95,8.6,5.1,,25.0,14.3,5.64,0.36,,902542|ISC-GEM|5.64|Mw
902547,ISC-GEM,ISC-GEM|ISC-GEM-Mw,1938,6,21,6,43,44.2,,121.383,21.028,9.9,6.7,,25.0,31.2,5.9,0.23,,902547|ISC-GEM|5.90|Mw
902555,ISC-GEM,ISC-GEM|ISC-GEM-Mw,1938,6,29,9,39,52.05,,128.702,3.895,23.8,12.4,,15.0,11.7,5.67,0.34,,902555|ISC-GEM|5.67|Mw
902648,ISC-GEM,ISC-GEM|ISC-GEM-Mw,1938,8,29,15,22,24.87,,124.134,12.036,7.8,6.0,,15.0,11.9,6.75,0.29,,902648|ISC-GEM|6.75|Mw || 05952394|ISC|7.10|MS || 05952394|ISC|7.10|MS
902653,ISC-GEM,ISC-GEM|ISC-GEM-Mw,1938,9,1,2,54,16.59,,122.397,23.874,5.7,4.1,,25.0,14.3,6.11,0.2,,902653|ISC-GEM|6.11|Mw
902658,ISC-GEM,ISC-GEM|ISC-GEM-Mw,1938,9,4,19,21,45.12,,120.316,13.669,14.8,11.8,,25.0,52.6,5.96,0.35,,902658|ISC-GEM|5.96|Mw
902663,ISC-GEM,ISC-GEM|ISC-GEM-Mw,1938,9,7,1,54,32.83,,126.532,4.634,9.7,7.7,,15.0,18.3,5.99,0.2,,902663|ISC-GEM|5.99|Mw
902664,ISC-GEM,ISC-GEM|ISC-GEM-Mw,1938,9,7,4,3,19.81,,121.506,23.807,3.6,2.3,,15.0,7.1,7.09,0.39,,902664|ISC-GEM|7.09|Mw || 1946077|PAS|7.00|MS || 05952397|ISC|7.30|MS || 1946077|PAS|7.00|MS || 05952397|ISC|7.30|MS
902710,ISC-GEM,ISC-GEM|ISC-GEM-Mw,1938,10,10,20,48,7.01,,126.514,2.4,8.8,5.8,,15.0,18.0,7.22,0.2,,902710|ISC-GEM|7.22|Mw || 1946159|PAS|7.30|MS || 05952403|ISC|7.30|MS || PS1992314|ps1992-ph|7.10|Ms || 1946159|PAS|7.30|MS || 05952403|ISC|7.30|MS || PS1992314|ps1992-ph|7.10|Ms
902711,ISC-GEM,ISC-GEM|ISC-GEM-Mw,1938,10,11,0,8,1.53,,126.352,2.639,14.0,11.4,,15.0,18.0,6.13,0.2,,902711|ISC-GEM|6.13|Mw || 05952404|ISC|6.20|MS || 05952404|ISC|6.20|MS
902713,ISC-GEM,ISC-GEM|ISC-GEM-Mw,1938,10,13,15,26,21.18,,121.434,23.734,4.3,2.8,,15.0,10.6,6.31,0.27,,902713|ISC-GEM|6.31|Mw || 05952406|ISC|6.40|MS || 05952406|ISC|6.40|MS
902788,ISC-GEM,ISC-GEM|ISC-GEM-Mw,1938,11,13,4,53,19.94,,125.783,10.34,9.7,7.9,,35.0,19.6,6.05,0.25,,902788|ISC-GEM|6.05|Mw
9342032,ISC-GEM,ISC-GEM|ISC-GEM-Mw,1938,11,21,6,58,57.96,,121.536,23.937,7.0,4.4,,15.0,7.1,5.72,0.2,,9342032|ISC-GEM|5.72|Mw
902854,ISC-GEM,ISC-GEM|ISC-GEM-Mw,1938,12,6,23,0,52.97,,121.52,22.841,4.1,2.6,,15.0,7.3,7.02,0.31,,902854|ISC-GEM|7.02|Mw || 1946397|PAS|7.00|MS || 05952425|ISC|6.90|MS || 1946397|PAS|7.00|MS || 05952425|ISC|6.90|MS
902856,ISC-GEM,ISC-GEM|ISC-GEM-Mw,1938,12,7,10,12,8.15,,121.711,22.712,7.6,4.7,,15.0,12.3,5.86,0.2,,902856|ISC-GEM|5.86|Mw
902859,ISC-GEM,ISC-GEM|ISC-GEM-Mw,1938,12,7,15,1,1.41,,121.355,22.933,5.6,3.7,,15.0,7.3,5.96,0.43,,902859|ISC-GEM|5.96|Mw
902861,ISC-GEM,ISC-GEM|ISC-GEM-Mw,1938,12,9,5,2,51.11,,121.498,23.069,6.5,4.1,,15.0,7.3,5.84,0.2,,902861|ISC-GEM|5.84|Mw
902876,ISC-GEM,ISC-GEM|ISC-GEM-Mw,1938,12,19,4,53,15.55,,118.958,18.436,10.2,7.6,,15.0,3.9,5.6,0.58,,902876|ISC-GEM|5.60|Mw
902883,ISC-GEM,ISC-GEM|ISC-GEM-Mw,1938,12,22,16,56,49.21,,122.574,23.941,7.2,4.7,,35.0,14.3,6.09,0.23,,902883|ISC-GEM|6.09|Mw
901802,ISC-GEM,ISC-GEM|ISC-GEM-Mw,1939,2,2,7,8,50.82,,127.325,3.655,30.3,18.8,,35.0,20.8,5.79,0.2,,901802|ISC-GEM|5.79|Mw
901811,ISC-GEM,ISC-GEM|ISC-GEM-Mw,1939,2,4,11,34,5.61,,126.514,6.215,27.7,15.8,,35.0,35.4,5.73,0.67,,901811|ISC-GEM|5.73|Mw || 1944627|PAS|6.00|MS || 1944627|PAS|6.00|MS
901883,ISC-GEM,ISC-GEM|ISC-GEM-Mw,1939,3,29,2,28,59.24,,126.265,9.282,16.3,12.7,,25.0,17.1,5.63,0.2,,901883|ISC-GEM|5.63|Mw
16965231,ISC-GEM,ISC-GEM|ISC-GEM-Mw,1939,4,26,11,16,14.1,,122.848,19.0,13.7,10.8,,15.0,25.0,5.75,0.24,,16965231|ISC-GEM|5.75|Mw
901940,ISC-GEM,ISC-GEM|ISC-GEM-Mw,1939,5,6,17,0,7.45,,121.194,13.7,9.0,8.3,,10.0,25.0,6.27,0.35,,901940|ISC-GEM|6.27|Mw || 1944843|PAS|6.50|MS || 1944843|PAS|6.50|MS
901971,ISC-GEM,ISC-GEM|ISC-GEM-Mw,1939,5,16,7,20,17.17,,121.602,23.53,4.9,3.5,,25.0,10.6,6.2,0.31,,901971|ISC-GEM|6.20|Mw
901989,ISC-GEM,ISC-GEM|ISC-GEM-Mw,1939,5,25,6,16,11.44,,122.954,12.938,19.5,16.8,,15.0,11.7,5.78,0.2,,901989|ISC-GEM|5.78|Mw
902001,ISC-GEM,ISC-GEM|ISC-GEM-Mw,1939,6,2,3,33,15.98,,126.223,4.667,7.7,5.6,,35.0,43.9,6.39,0.28,,902001|ISC-GEM|6.39|Mw || 1944946|PAS|7.00|MS || 05952454|ISC|6.60|MS || 1944946|PAS|7.00|MS || 05952454|ISC|6.60|MS
902027,ISC-GEM,ISC-GEM|ISC-GEM-Mw,1939,6,18,3,51,53.84,,121.448,23.016,6.5,4.0,,15.0,7.3,5.65,0.2,,902027|ISC-GEM|5.65|Mw
902045,ISC-GEM,ISC-GEM|ISC-GEM-Mw,1939,6,27,23,4,23.63,,126.911,7.223,7.1,5.5,,35.0,13.8,6.69,0.2,,902045|ISC-GEM|6.69|Mw || 05952458|ISC|6.70|MS || 05952458|ISC|6.70|MS
902127,ISC-GEM,ISC-GEM|ISC-GEM-Mw,1939,8,23,21,21,5.21,,126.61,6.967,21.9,16.5,,15.0,32.9,5.76,0.2,,902127|ISC-GEM|5.76|Mw
902130,ISC-GEM,ISC-GEM|ISC-GEM-Mw,1939,8,26,3,24,44.33,,121.518,21.854,8.8,7.5,,15.0,12.2,5.55,0.29,,902130|ISC-GEM|5.55|Mw
902136,ISC-GEM,ISC-GEM|ISC-GEM-Mw,1939,9,3,7,44,9.31,,121.194,20.01,8.3,6.1,,25.0,10.4,5.83,0.2,,902136|ISC-GEM|5.83|Mw
902150,ISC-GEM,ISC-GEM|ISC-GEM-Mw,1939,9,16,7,16,18.22,,128.757,3.928,22.2,13.9,,15.0,25.0,5.91,0.33,,902150|ISC-GEM|5.91|Mw
902150,GUTE,GUTE|PAS-Ms,1939,9,16,7,16,26.0,,127.75,3.5,,,,90.0,,5.8,0.2,,1945194|PAS|5.80|MS
901209,ISC-GEM,ISC-GEM|ISC-GEM-Mw,1940,2,22,13,30,53.63,,121.447,19.753,15.2,10.3,,25.0,8.5,5.96,0.42,,901209|ISC-GEM|5.96|Mw
901257,ISC,ISC|PAS-Ms,1940,3,28,15,48,56.4,0.28,120.5011,14.5833,6.408,4.886,38.0,200.0,,6.8,0.2,,1943694|PAS|6.80|MS
901269,ISC-GEM,ISC-GEM|ISC-GEM-Mw,1940,4,8,2,49,22.04,,125.214,13.158,26.2,11.9,,15.0,18.3,5.84,0.2,,901269|ISC-GEM|5.84|Mw
901280,ISC-GEM,ISC-GEM|ISC-GEM-Mw,1940,4,14,14,33,52.85,,127.557,9.645,18.5,14.2,,15.0,25.0,5.91,0.71,,901280|ISC-GEM|5.91|Mw
901403,ISC-GEM,ISC-GEM|ISC-GEM-Mw,1940,6,5,14,47,53.11,,119.33,18.149,19.8,8.0,,15.0,4.1,5.71,0.2,,901403|ISC-GEM|5.71|Mw
901438,GUTE,GUTE|PAS-Ms,1940,6,18,13,52,33.0,,123.5,5.5,,,,570.0,,6.5,0.2,,1943983|PAS|6.50|MS
901499,ISC-GEM,ISC-GEM|ISC-GEM-Mw,1940,7,21,15,38,28.49,,120.911,2.275,8.3,5.8,,15.0,25.0,6.35,0.34,,901499|ISC-GEM|6.35|Mw || 1944090|PAS|6.20|MS || 05952507|ISC|6.20|MS || 1944090|PAS|6.20|MS || 05952507|ISC|6.20|MS
901524,ISC-GEM,ISC-GEM|ISC-GEM-Mw,1940,8,5,21,29,19.99,,122.161,23.909,6.4,5.2,,25.0,6.4,5.91,0.2,,901524|ISC-GEM|5.91|Mw
901561,ISC-GEM,ISC-GEM|ISC-GEM-Mw,1940,9,1,8,13,48.65,,125.908,8.354,37.7,19.5,,35.0,26.6,5.84,0.2,,901561|ISC-GEM|5.84|Mw
901573,ISC-GEM,ISC-GEM|ISC-GEM-Mw,1940,9,7,19,23,31.06,,127.12,8.946,18.1,16.7,,15.0,16.2,5.87,0.2,,901573|ISC-GEM|5.87|Mw
901575,ISC-GEM,ISC-GEM|ISC-GEM-Mw,1940,9,9,20,23,2.42,,128.652,10.59,64.9,21.7,,15.0,25.0,5.55,0.63,,901575|ISC-GEM|5.55|Mw
901580,GUTE,GUTE|PAS-Ms,1940,9,12,0,21,21.0,,123.0,2.0,,,,160.0,,6.5,0.2,,1944225|PAS|6.50|MS
901602,ISC,ISC|PAS-Ms,1940,9,22,22,51,57.04,0.27,123.6086,7.5853,6.862,5.452,54.0,640.0,,6.8,0.2,,1944261|PAS|6.80|MS
901625,ISC-GEM,ISC-GEM|ISC-GEM-Mw,1940,10,3,1,3,31.88,,120.844,19.323,26.4,11.1,,25.0,10.8,5.58,0.63,,901625|ISC-GEM|5.58|Mw
901639,ISC-GEM,ISC-GEM|ISC-GEM-Mw,1940,10,7,6,42,52.44,,125.763,5.475,11.4,9.5,,15.0,14.7,5.96,0.2,,901639|ISC-GEM|5.96|Mw || 1944331|PAS|7.00|MS || 1944331|PAS|7.00|MS
901660,ISC-GEM,ISC-GEM|ISC-GEM-Mw,1940,10,20,10,55,54.22,,122.952,13.622,39.1,21.9,,15.0,17.6,5.87,0.2,,901660|ISC-GEM|5.87|Mw
901738,GUTE,GUTE|PAS-Ms,1940,12,19,15,48,30.0,,118.0,9.0,,,,35.0,,5.6,0.2,,1944495|PAS|5.60|MS
901738,ISC-GEM,ISC-GEM|ISC-GEM-Mw,1940,12,19,15,48,38.7,,118.195,10.287,37.0,16.3,,15.0,25.0,5.93,0.2,,901738|ISC-GEM|5.93|Mw
900608,GUTE,GUTE|PAS-Ms,1941,1,2,16,49,38.0,,122.5,3.0,,,,500.0,,6.2,0.2,,1942543|PAS|6.20|MS
900643,ISC,ISC|PAS-Ms,1941,2,4,14,3,20.37,0.32,124.0802,10.0627,7.403,5.664,61.0,605.0,,6.9,0.2,,1942613|PAS|6.90|MS
900648,GUTE,GUTE|PAS-Ms,1941,2,5,23,4,36.0,,128.0,3.0,,,,50.0,,5.8,0.2,,1942621|PAS|5.80|MS
900684,ISC-GEM,ISC-GEM|ISC-GEM-Mw,1941,2,27,9,44,6.11,,127.2,3.753,12.3,6.5,,15.0,15.0,6.08,0.2,,900684|ISC-GEM|6.08|Mw || 1942684|PAS|6.80|MS || 1942684|PAS|6.80|MS
900770,ISC-GEM,ISC-GEM|ISC-GEM-Mw,1941,4,18,5,23,18.22,,119.806,15.033,9.4,7.5,,25.0,18.9,5.84,0.2,,900770|ISC-GEM|5.84|Mw
900800,ISC-GEM,ISC-GEM|ISC-GEM-Mw,1941,5,9,5,32,40.49,,122.682,13.731,8.4,7.2,,15.0,3.8,6.6,0.2,,900800|ISC-GEM|6.60|Mw || 1942887|PAS|6.80|MS || 05952551|ISC|6.80|MS || 1942887|PAS|6.80|MS || 05952551|ISC|6.80|MS
900847,GUTE,GUTE|PAS-Ms,1941,6,16,11,26,56.0,,127.5,6.0,,,,100.0,,6.5,0.2,,1942972|PAS|6.50|MS
900847,ISC-GEM,ISC-GEM|ISC-GEM-Mw,1941,6,16,11,26,58.67,,126.256,6.231,14.7,9.6,,15.0,35.4,5.92,0.71,,900847|ISC-GEM|5.92|Mw
900913,GUTE,GUTE|PAS-Ms,1941,7,19,17,54,28.0,,124.0,10.0,,,,600.0,,5.8,0.2,,1943095|PAS|5.80|MS
901063,ISC-GEM,ISC-GEM|ISC-GEM-Mw,1941,11,5,17,38,49.03,,123.518,12.808,6.9,6.2,,15.0,10.6,6.85,0.39,,901063|ISC-GEM|6.85|Mw || 1943360|PAS|6.90|MS || 05952573|ISC|7.00|MS || 1943360|PAS|6.90|MS || 05952573|ISC|7.00|MS
901124,ISC-GEM,ISC-GEM|ISC-GEM-Mw,1941,12,16,19,19,43.64,,120.419,23.29,4.1,2.6,,15.0,3.7,7.22,0.2,,901124|ISC-GEM|7.22|Mw || 1943472|PAS|7.10|MS || 05952585|ISC|7.30|MS || PS1992337|ps1992-ph|7.00|Ms || 1943472|PAS|7.10|MS || 05952585|ISC|7.30|MS || PS1992337|ps1992-ph|7.00|Ms
900174,ISC-GEM,ISC-GEM|ISC-GEM-Mw,1942,1,23,21,28,29.03,,126.306,10.185,12.9,9.3,,25.0,14.5,6.05,0.22,,900174|ISC-GEM|6.05|Mw
900228,ISC-GEM,ISC-GEM|ISC-GEM-Mw,1942,3,12,13,24,6.46,,126.087,9.975,22.0,17.2,,15.0,18.0,5.93,0.2,,900228|ISC-GEM|5.93|Mw
900244,ISC-GEM,ISC-GEM|ISC-GEM-Mw,1942,4,8,15,40,27.78,,120.423,13.144,7.7,6.8,,15.0,18.4,7.63,0.49,,900244|ISC-GEM|7.63|Mw || 1941957|PAS|7.70|MS || 05952594|ISC|7.50|MS || PS1992338|ps1992-ph|7.30|Ms || 1941957|PAS|7.70|MS || 05952594|ISC|7.50|MS || PS1992338|ps1992-ph|7.30|Ms
900245,ISC-GEM,ISC-GEM|ISC-GEM-Mw,1942,4,8,19,29,51.08,,120.271,12.9,21.7,11.1,,15.0,18.4,6.18,0.62,,900245|ISC-GEM|6.18|Mw
900246,ISC-GEM,ISC-GEM|ISC-GEM-Mw,1942,4,8,23,56,5.52,,120.525,13.222,24.5,11.1,,15.0,18.4,6.13,0.23,,900246|ISC-GEM|6.13|Mw
900247,ISC-GEM,ISC-GEM|ISC-GEM-Mw,1942,4,9,4,42,28.82,,120.327,13.571,12.9,8.2,,25.0,52.6,6.15,0.58,,900247|ISC-GEM|6.15|Mw
900299,ISC-GEM,ISC-GEM|ISC-GEM-Mw,1942,5,24,21,19,33.63,,121.926,22.578,11.3,6.6,,15.0,11.2,6.1,0.38,,900299|ISC-GEM|6.10|Mw
900323,ISC-GEM,ISC-GEM|ISC-GEM-Mw,1942,6,10,10,21,9.68,,124.87,6.401,12.0,8.9,,15.0,25.0,6.54,0.26,,900323|ISC-GEM|6.54|Mw || 05952599|ISC|6.30|MS || 05952599|ISC|6.30|MS
900330,ISC-GEM,ISC-GEM|ISC-GEM-Mw,1942,6,14,14,29,37.68,,125.88,12.031,15.0,13.7,,15.0,6.5,6.04,0.2,,900330|ISC-GEM|6.04|Mw
900397,ISC-GEM,ISC-GEM|ISC-GEM-Mw,1942,7,25,6,22,35.73,,124.98,11.777,8.7,7.7,,55.0,14.8,6.31,0.43,,900397|ISC-GEM|6.31|Mw || 1942201|PAS|6.80|MS || 05952608|ISC|6.30|MS || 1942201|PAS|6.80|MS || 05952608|ISC|6.30|MS
900471,ISC-GEM,ISC-GEM|ISC-GEM-Mw,1942,9,10,4,48,42.78,,121.883,13.173,65.1,20.7,,15.0,14.9,5.86,0.2,,900471|ISC-GEM|5.86|Mw
900480,ISC-GEM,ISC-GEM|ISC-GEM-Mw,1942,9,24,3,39,1.25,,121.965,23.884,6.0,3.9,,10.0,6.4,6.81,0.26,,900480|ISC-GEM|6.81|Mw || 05952616|ISC|6.20|MS || 05952616|ISC|6.20|MS
900504,ISC-GEM,ISC-GEM|ISC-GEM-Mw,1942,10,20,23,21,53.66,,122.47,7.95,8.5,6.6,,35.0,14.7,7.27,0.27,,900504|ISC-GEM|7.27|Mw || 1942368|PAS|7.30|MS || 05952617|ISC|7.20|MS || 1942368|PAS|7.30|MS || 05952617|ISC|7.20|MS
900574,ISC-GEM,ISC-GEM|ISC-GEM-Mw,1942,12,3,1,12,59.29,,125.801,10.051,18.4,13.3,,15.0,18.0,6.3,0.2,,900574|ISC-GEM|6.30|Mw
899773,ISC-GEM,ISC-GEM|ISC-GEM-Mw,1943,3,22,8,24,4.93,,125.857,6.699,12.7,7.7,,35.0,51.3,6.18,0.34,,899773|ISC-GEM|6.18|Mw
899803,ISC-GEM,ISC-GEM|ISC-GEM-Mw,1943,4,12,4,14,0.9,,123.438,23.707,17.1,7.2,,35.0,7.1,6.28,0.2,,899803|ISC-GEM|6.28|Mw
899838,ISC-GEM,ISC-GEM|ISC-GEM-Mw,1943,5,3,1,59,13.92,,124.304,13.02,7.6,7.0,,15.0,22.0,7.36,0.34,,899838|ISC-GEM|7.36|Mw || 1941322|PAS|7.40|MS || 05952650|ISC|7.40|MS || PS1992351|ps1992-ph|7.10|Ms || 1941322|PAS|7.40|MS || 05952650|ISC|7.40|MS || PS1992351|ps1992-ph|7.10|Ms
899851,ISC-GEM,ISC-GEM|ISC-GEM-Mw,1943,5,25,23,7,39.28,,127.277,7.371,8.8,6.3,,15.0,11.8,7.76,0.2,,899851|ISC-GEM|7.76|Mw || 1941345|PAS|7.90|MS || 05952652|ISC|7.80|MS || PS1992352|ps1992-ph|7.50|Ms || 1941345|PAS|7.90|MS || 05952652|ISC|7.80|MS || PS1992352|ps1992-ph|7.50|Ms
899909,GUTE,GUTE|PAS-Ms,1943,6,29,9,5,6.0,,125.0,2.0,,,,180.0,,6.5,0.2,,1941434|PAS|6.50|MS
899922,ISC-GEM,ISC-GEM|ISC-GEM-Mw,1943,7,8,14,35,48.08,,126.629,3.532,15.1,9.4,,35.0,19.1,6.2,0.2,,899922|ISC-GEM|6.20|Mw
899959,ISC-GEM,ISC-GEM|ISC-GEM-Mw,1943,8,9,16,57,57.05,,127.651,8.447,18.0,9.6,,35.0,12.4,5.91,0.2,,899959|ISC-GEM|5.91|Mw
899971,ISC-GEM,ISC-GEM|ISC-GEM-Mw,1943,8,20,1,22,9.66,,126.332,10.118,14.2,12.3,,35.0,14.5,6.08,0.39,,899971|ISC-GEM|6.08|Mw
900078,ISC-GEM,ISC-GEM|ISC-GEM-Mw,1943,11,7,8,25,53.07,,118.961,22.439,32.0,14.9,,35.0,8.0,5.97,0.2,,900078|ISC-GEM|5.97|Mw
900100,ISC-GEM,ISC-GEM|ISC-GEM-Mw,1943,11,24,13,17,15.14,,121.708,22.715,7.9,5.2,,20.0,12.3,6.73,0.38,,900100|ISC-GEM|6.73|Mw || 1941733|PAS|6.90|MS || 05952680|ISC|6.70|MS || 1941733|PAS|6.90|MS || 05952680|ISC|6.70|MS
900108,ISC-GEM,ISC-GEM|ISC-GEM-Mw,1943,11,28,6,20,2.21,,125.853,9.672,10.9,9.0,,35.0,23.1,6.1,0.54,,900108|ISC-GEM|6.10|Mw
900118,ISC-GEM,ISC-GEM|ISC-GEM-Mw,1943,12,2,5,9,0.16,,121.519,22.745,4.7,3.5,,15.0,12.3,6.79,0.24,,900118|ISC-GEM|6.79|Mw || 05952686|ISC|6.80|MS || 05952686|ISC|6.80|MS
900127,ISC-GEM,ISC-GEM|ISC-GEM-Mw,1943,12,13,15,53,23.11,,126.042,10.083,17.5,11.6,,35.0,18.0,6.39,0.21,,900127|ISC-GEM|6.39|Mw
899290,ISC-GEM,ISC-GEM|ISC-GEM-Mw,1944,2,5,17,20,8.53,,121.534,23.571,4.9,3.6,,20.0,10.6,6.72,0.36,,899290|ISC-GEM|6.72|Mw || 05952693|ISC|6.50|MS || 05952693|ISC|6.50|MS
899507,ISC-GEM,ISC-GEM|ISC-GEM-Mw,1944,8,14,14,21,41.03,,120.219,13.342,10.8,7.9,,25.0,12.7,6.15,0.2,,899507|ISC-GEM|6.15|Mw
899508,ISC-GEM,ISC-GEM|ISC-GEM-Mw,1944,8,15,1,19,35.03,,122.453,17.05,23.6,12.0,,35.0,24.2,5.98,0.73,,899508|ISC-GEM|5.98|Mw
899564,ISC-GEM,ISC-GEM|ISC-GEM-Mw,1944,10,3,16,6,51.56,,122.019,8.624,19.1,10.0,,15.0,25.0,5.91,0.2,,899564|ISC-GEM|5.91|Mw
899618,ISC-GEM,ISC-GEM|ISC-GEM-Mw,1944,11,15,20,47,8.14,,127.324,4.544,8.5,5.7,,60.0,5.2,6.82,0.2,,899618|ISC-GEM|6.82|Mw || 1940968|PAS|7.20|MS || 05952726|ISC|6.80|MS || 1940968|PAS|7.20|MS || 05952726|ISC|6.80|MS
898755,ISC-GEM,ISC-GEM|ISC-GEM-Mw,1945,1,13,11,57,11.13,,126.679,9.681,23.3,8.5,,35.0,17.1,6.06,0.2,,898755|ISC-GEM|6.06|Mw
898780,ISC-GEM,ISC-GEM|ISC-GEM-Mw,1945,1,27,19,5,13.84,,126.998,9.724,33.0,15.3,,15.0,11.8,5.86,0.2,,898780|ISC-GEM|5.86|Mw
898782,ISC-GEM,ISC-GEM|ISC-GEM-Mw,1945,1,29,21,0,49.66,,124.256,6.308,18.1,9.1,,25.0,25.0,6.07,0.2,,898782|ISC-GEM|6.07|Mw
898834,ISC,ISC|PAS-Ms,1945,3,11,17,45,5.65,0.42,126.0661,4.731,13.8,8.148,61.0,100.0,,6.8,0.2,,1939759|PAS|6.80|MS
898861,ISC-GEM,ISC-GEM|ISC-GEM-Mw,1945,3,31,6,45,14.79,,126.368,7.324,17.0,9.0,,15.0,36.0,6.07,0.2,,898861|ISC-GEM|6.07|Mw
898898,ISC,ISC|PAS-Ms,1945,4,22,9,51,16.13,0.61,122.8881,5.0582,27.6,8.094,42.0,565.0,,6.8,0.2,,1939856|PAS|6.80|MS
899016,ISC-GEM,ISC-GEM|ISC-GEM-Mw,1945,8,1,22,23,18.07,,121.979,23.776,12.1,7.6,,14.0,6.4,6.46,0.47,,899016|ISC-GEM|6.46|Mw || 05952764|ISC|6.30|MS || 05952764|ISC|6.30|MS
899017,ISC-GEM,ISC-GEM|ISC-GEM-Mw,1945,8,2,17,52,8.86,,120.9,19.353,17.2,8.7,,35.0,10.8,6.07,0.27,,899017|ISC-GEM|6.07|Mw
899150,ISC-GEM,ISC-GEM|ISC-GEM-Mw,1945,10,21,3,21,9.98,,120.779,23.7,10.2,7.3,,35.0,7.2,6.23,0.33,,899150|ISC-GEM|6.23|Mw
899225,ISC-GEM,ISC-GEM|ISC-GEM-Mw,1945,11,30,12,9,30.01,,126.912,5.822,31.4,8.6,,35.0,40.3,5.99,0.2,,899225|ISC-GEM|5.99|Mw
899239,ISC-GEM,ISC-GEM|ISC-GEM-Mw,1945,12,20,3,59,16.97,,126.641,8.61,9.1,7.1,,35.0,31.1,6.43,0.2,,899239|ISC-GEM|6.43|Mw
898225,ISC-GEM,ISC-GEM|ISC-GEM-Mw,1946,1,24,6,18,52.71,,121.628,2.16,111.4,12.4,,15.0,25.0,5.93,0.2,,898225|ISC-GEM|5.93|Mw
898257,ISC-GEM,ISC-GEM|ISC-GEM-Mw,1946,2,20,3,41,56.39,,122.261,17.899,19.2,9.6,,35.0,8.1,6.4,0.33,,898257|ISC-GEM|6.40|Mw
898573,ISC-GEM,ISC-GEM|ISC-GEM-Mw,1946,9,9,10,36,37.81,,121.949,23.826,11.9,8.5,,25.0,6.4,6.1,0.35,,898573|ISC-GEM|6.10|Mw
898645,ISC-GEM,ISC-GEM|ISC-GEM-Mw,1946,11,2,14,4,2.61,,126.229,5.528,14.2,7.2,,35.0,14.7,6.24,0.33,,898645|ISC-GEM|6.24|Mw
898682,ISC-GEM,ISC-GEM|ISC-GEM-Mw,1946,12,4,22,46,53.14,,120.904,23.117,15.6,9.2,,25.0,6.6,6.71,0.47,,898682|ISC-GEM|6.71|Mw
897709,ISC-GEM,ISC-GEM|ISC-GEM-Mw,1947,1,8,0,4,34.2,,126.401,9.438,19.2,10.0,,35.0,17.1,6.0,0.69,,897709|ISC-GEM|6.00|Mw
897814,ISC-GEM,ISC-GEM|ISC-GEM-Mw,1947,4,11,14,29,39.0,,121.137,20.437,9.4,8.4,,30.0,8.2,6.37,0.41,,897814|ISC-GEM|6.37|Mw
897828,ISC-GEM,ISC-GEM|ISC-GEM-Mw,1947,4,26,12,44,19.31,,124.542,6.165,24.4,8.6,,35.0,26.4,5.72,0.2,,897828|ISC-GEM|5.72|Mw
897829,ISC-GEM,ISC-GEM|ISC-GEM-Mw,1947,4,26,17,25,10.91,,124.379,6.125,20.4,9.2,,35.0,26.4,5.67,0.2,,897829|ISC-GEM|5.67|Mw
897865,ISC-GEM,ISC-GEM|ISC-GEM-Mw,1947,5,25,23,0,5.54,,122.747,23.369,27.3,21.8,,25.0,12.8,6.01,0.47,,897865|ISC-GEM|6.01|Mw
897883,ISC-GEM,ISC-GEM|ISC-GEM-Mw,1947,6,7,18,47,51.45,,124.666,11.185,8.8,6.7,,15.0,6.5,6.87,0.41,,897883|ISC-GEM|6.87|Mw || 1938595|PAS|6.90|MS || 05952850|ISC|7.00|MS || 1938595|PAS|6.90|MS || 05952850|ISC|7.00|MS
897886,ISC-GEM,ISC-GEM|ISC-GEM-Mw,1947,6,10,11,12,40.3,,124.857,11.623,20.0,12.7,,15.0,42.1,6.22,0.2,,897886|ISC-GEM|6.22|Mw
898187,ISC-GEM,ISC-GEM|ISC-GEM-Mw,1947,12,19,16,36,30.04,,121.149,18.888,10.3,9.5,,35.0,13.6,5.65,0.2,,898187|ISC-GEM|5.65|Mw
897163,ISC-GEM,ISC-GEM|ISC-GEM-Mw,1948,1,24,17,46,43.71,,122.235,10.714,7.1,5.6,,15.0,4.6,7.8,0.2,,897163|ISC-GEM|7.80|Mw || 1937775|PAS|8.20|MS || 05952877|ISC|7.80|MS || PS1992402|ps1992-ph|8.00|Ms || 1937775|PAS|8.20|MS || 05952877|ISC|7.80|MS || PS1992402|ps1992-ph|8.00|Ms
897165,ISC-GEM,ISC-GEM|ISC-GEM-Mw,1948,1,25,5,58,4.6,,122.341,11.287,17.1,12.6,,35.0,10.7,5.8,0.69,,897165|ISC-GEM|5.80|Mw
897166,ISC-GEM,ISC-GEM|ISC-GEM-Mw,1948,1,26,14,10,45.56,,122.205,10.698,8.7,8.2,,35.0,15.9,6.83,0.22,,897166|ISC-GEM|6.83|Mw
897183,ISC-GEM,ISC-GEM|ISC-GEM-Mw,1948,2,6,22,18,53.87,,121.563,11.137,16.5,10.3,,35.0,25.0,6.19,0.47,,897183|ISC-GEM|6.19|Mw
897220,ISC-GEM,ISC-GEM|ISC-GEM-Mw,1948,3,3,9,9,56.19,,118.926,18.757,7.1,5.1,,15.0,3.6,7.14,0.22,,897220|ISC-GEM|7.14|Mw || 1937845|PAS|7.20|MS || 05952885|ISC|7.00|MS || 1937845|PAS|7.20|MS || 05952885|ISC|7.00|MS
897248,ISC-GEM,ISC-GEM|ISC-GEM-Mw,1948,3,16,2,40,38.42,,120.9,20.089,12.4,9.7,,35.0,10.4,5.96,0.59,,897248|ISC-GEM|5.96|Mw
PS1992403,ps1992-ph,ps1992-ph|ps1992-ph-Ms,1948,5,2,9,9,0.0,,119.0,18.5,,,,60.0,,7.0,,,PS1992403|ps1992-ph|7.00|Ms
897404,ISC-GEM,ISC-GEM|ISC-GEM-Mw,1948,6,21,12,5,26.83,,125.469,3.569,9.3,5.9,,15.0,47.4,6.35,0.2,,897404|ISC-GEM|6.35|Mw
897508,ISC-GEM,ISC-GEM|ISC-GEM-Mw,1948,8,20,18,46,5.46,,125.182,3.974,22.9,9.7,,35.0,22.6,5.84,0.2,,897508|ISC-GEM|5.84|Mw
897531,ISC,ISC|PAS-Ms,1948,9,2,23,35,4.51,0.33,125.6447,10.1472,7.581,6.386,41.0,100.0,,7.0,0.2,,1938192|PAS|7.00|MS
897567,ISC-GEM,ISC-GEM|ISC-GEM-Mw,1948,9,24,23,28,5.29,,121.913,21.576,22.4,15.0,,25.0,25.0,6.23,0.61,,897567|ISC-GEM|6.23|Mw
897576,ISC-GEM,ISC-GEM|ISC-GEM-Mw,1948,10,1,3,10,23.65,,121.421,21.866,21.0,20.1,,25.0,12.2,6.04,0.2,,897576|ISC-GEM|6.04|Mw
896278,ISC-GEM,ISC-GEM|ISC-GEM-Mw,1949,1,19,15,0,6.74,,122.103,23.963,11.3,8.4,,35.0,6.4,6.42,0.45,,896278|ISC-GEM|6.42|Mw
896328,ISC-GEM,ISC-GEM|ISC-GEM-Mw,1949,2,14,18,42,12.44,,120.588,13.596,12.9,8.3,,35.0,52.6,6.22,0.44,,896328|ISC-GEM|6.22|Mw
896433,ISC-GEM,ISC-GEM|ISC-GEM-Mw,1949,3,27,6,34,9.4,,127.657,2.428,8.9,6.1,,60.0,8.0,7.05,0.2,,896433|ISC-GEM|7.05|Mw || 1936718|PAS|7.00|MS || 05952925|ISC|7.10|MS || PS1992411|ps1992-ph|7.00|Ms || 1936718|PAS|7.00|MS || 05952925|ISC|7.10|MS || PS1992411|ps1992-ph|7.00|Ms
896436,ISC-GEM,ISC-GEM|ISC-GEM-Mw,1949,3,28,12,50,37.78,,120.454,13.336,14.3,10.9,,35.0,52.6,5.91,0.36,,896436|ISC-GEM|5.91|Mw
896492,ISC,ISC|PAS-Ms,1949,4,30,1,23,37.5,0.26,125.5326,6.1289,7.485,5.973,53.0,127.0,,7.4,0.2,,1936807|PAS|7.40|MS
896830,ISC-GEM,ISC-GEM|ISC-GEM-Mw,1949,9,5,2,54,4.8,,121.268,16.993,27.0,14.3,,15.0,7.3,6.0,0.2,,896830|ISC-GEM|6.00|Mw
896831,ISC-GEM,ISC-GEM|ISC-GEM-Mw,1949,9,5,3,18,14.74,,121.319,17.345,18.3,13.2,,15.0,21.6,6.03,0.33,,896831|ISC-GEM|6.03|Mw
896923,ISC-GEM,ISC-GEM|ISC-GEM-Mw,1949,10,8,20,34,26.56,,121.746,22.155,14.7,12.4,,25.0,12.2,5.97,0.25,,896923|ISC-GEM|5.97|Mw
897011,ISC-GEM,ISC-GEM|ISC-GEM-Mw,1949,11,11,15,44,22.97,,121.198,22.677,13.5,9.3,,25.0,6.2,5.92,0.23,,897011|ISC-GEM|5.92|Mw
897130,ISC-GEM,ISC-GEM|ISC-GEM-Mw,1949,12,29,3,3,56.6,,121.538,17.439,7.2,6.1,,15.0,4.0,7.21,0.3,,897130|ISC-GEM|7.21|Mw || 1937731|PAS|7.20|MS || 05952978|ISC|7.20|MS || PS1992417|ps1992-ph|7.20|Ms || 1937731|PAS|7.20|MS || 05952978|ISC|7.20|MS || PS1992417|ps1992-ph|7.20|Ms
895106,ISC-GEM,ISC-GEM|ISC-GEM-Mw,1950,1,3,2,51,55.41,,121.447,17.533,6.2,5.6,,30.0,3.8,6.5,0.34,,895106|ISC-GEM|6.50|Mw || 05952982|ISC|6.50|MS || 05952982|ISC|6.50|MS
895280,ISC-GEM,ISC-GEM|ISC-GEM-Mw,1950,3,7,2,7,52.7,,122.49,10.487,6.7,5.7,,25.0,3.9,6.82,0.2,,895280|ISC-GEM|6.82|Mw || 05953051|ISC|6.80|MS || 05953051|ISC|6.80|MS
895485,ISC-GEM,ISC-GEM|ISC-GEM-Mw,1950,6,4,7,29,51.62,,126.495,6.912,16.2,9.7,,15.0,32.9,5.95,0.23,,895485|ISC-GEM|5.95|Mw || 05953136|ISC|5.80|MS || 05953136|ISC|5.80|MS
895544,ISC-GEM,ISC-GEM|ISC-GEM-Mw,1950,6,25,11,5,59.68,,126.942,5.271,8.0,6.4,,57.6,5.0,6.16,0.2,,895544|ISC-GEM|6.16|Mw || 05953164|ISC|6.10|MS || 05953164|ISC|6.10|MS
895605,ISC-GEM,ISC-GEM|ISC-GEM-Mw,1950,7,18,16,25,50.67,,125.421,9.679,19.0,13.9,,15.0,16.1,6.06,0.2,,895605|ISC-GEM|6.06|Mw || 05953200|ISC|5.90|MS || 05953200|ISC|5.90|MS
895637,ISC-GEM,ISC-GEM|ISC-GEM-Mw,1950,7,29,16,45,58.61,,127.233,2.384,7.8,6.0,,30.0,17.1,6.33,0.2,,895637|ISC-GEM|6.33|Mw || 05953214|ISC|6.20|MS || 05953214|ISC|6.20|MS
895864,ISC-GEM,ISC-GEM|ISC-GEM-Mw,1950,9,25,23,16,3.52,,126.264,9.864,11.3,8.5,,25.0,14.5,5.96,0.2,,895864|ISC-GEM|5.96|Mw || 05953337|ISC|5.80|MS || 05953337|ISC|5.80|MS
895869,ISC-GEM,ISC-GEM|ISC-GEM-Mw,1950,9,28,3,29,39.6,,121.481,23.095,8.7,6.0,,15.0,7.3,6.06,0.2,,895869|ISC-GEM|6.06|Mw || 05953341|ISC|6.00|MS || 05953341|ISC|6.00|MS
894351,ISC-GEM,ISC-GEM|ISC-GEM-Mw,1951,5,16,14,6,14.33,,126.28,2.081,15.9,8.5,,15.0,20.0,5.96,0.2,,894351|ISC-GEM|5.96|Mw || 05953643|ISC|5.80|MS || 05953643|ISC|5.80|MS
894383,ISC-GEM,ISC-GEM|ISC-GEM-Mw,1951,5,31,20,55,59.4,,121.058,18.743,5.8,5.3,,61.4,4.8,6.23,0.2,,894383|ISC-GEM|6.23|Mw || 05953659|ISC|6.20|MS || 05953659|ISC|6.20|MS
894388,ISC-GEM,ISC-GEM|ISC-GEM-Mw,1951,6,2,6,47,56.3,,116.727,6.878,7.8,7.3,,15.0,25.0,6.07,0.33,,894388|ISC-GEM|6.07|Mw || 05953662|ISC|6.00|MS || 05953662|ISC|6.00|MS
894390,ISC-GEM,ISC-GEM|ISC-GEM-Mw,1951,6,3,18,30,26.44,,122.257,23.95,14.5,10.8,,15.0,14.3,5.71,0.2,,894390|ISC-GEM|5.71|Mw || 05953663|ISC|5.40|MS || 05953663|ISC|5.40|MS
894437,ISC-GEM,ISC-GEM|ISC-GEM-Mw,1951,6,20,21,50,22.23,,121.632,23.912,13.9,10.9,,15.0,7.1,6.11,0.24,,894437|ISC-GEM|6.11|Mw || 05953678|ISC|6.00|MS || 05953678|ISC|6.00|MS
894468,ISC-GEM,ISC-GEM|ISC-GEM-Mw,1951,7,2,5,6,18.82,,124.959,5.834,12.4,10.0,,25.0,19.1,5.96,0.2,,894468|ISC-GEM|5.96|Mw || 05953693|ISC|5.80|MS || 05953693|ISC|5.80|MS
894490,ISC-GEM,ISC-GEM|ISC-GEM-Mw,1951,7,8,5,44,23.32,,122.386,9.967,6.7,5.4,,25.0,21.6,6.47,0.25,,894490|ISC-GEM|6.47|Mw || 05953701|ISC|6.50|MS || 05953701|ISC|6.50|MS
894821,ISC-GEM,ISC-GEM|ISC-GEM-Mw,1951,10,21,21,34,21.54,,121.4,23.487,5.0,4.2,,25.0,4.0,7.48,0.2,,894821|ISC-GEM|7.48|Mw || 1933294|PAS|7.30|MS || 05953857|ISC|7.50|MS || PS1992431|ps1992-ph|7.40|Ms || 1933294|PAS|7.30|MS || 05953857|ISC|7.50|MS || PS1992431|ps1992-ph|7.40|Ms
894824,ISC-GEM,ISC-GEM|ISC-GEM-Mw,1951,10,22,3,29,35.57,,121.343,23.917,5.8,5.0,,25.0,4.0,7.23,0.41,,894824|ISC-GEM|7.23|Mw || 1933304|PAS|7.10|MS || 05953859|ISC|7.30|MS || PS1992432|ps1992-ph|7.20|Ms || 1933304|PAS|7.10|MS || 05953859|ISC|7.30|MS || PS1992432|ps1992-ph|7.20|Ms
894825,ISC-GEM,ISC-GEM|ISC-GEM-Mw,1951,10,22,4,28,12.37,,121.282,23.769,10.5,6.0,,25.0,4.0,6.7,0.34,,894825|ISC-GEM|6.70|Mw || 05953860|ISC|6.90|MS || 05953860|ISC|6.90|MS
894826,ISC-GEM,ISC-GEM|ISC-GEM-Mw,1951,10,22,5,17,48.89,,121.062,23.728,11.2,8.5,,25.0,7.2,6.46,0.61,,894826|ISC-GEM|6.46|Mw || 05953861|ISC|6.40|MS || 05953861|ISC|6.40|MS
894828,ISC-GEM,ISC-GEM|ISC-GEM-Mw,1951,10,22,5,43,7.64,,121.393,23.775,6.2,4.5,,20.0,3.9,6.96,0.36,,894828|ISC-GEM|6.96|Mw || 1933316|PAS|7.10|MS || 05953863|ISC|7.10|MS || PS1992433|ps1992-ph|7.00|Ms || 1933316|PAS|7.10|MS || 05953863|ISC|7.10|MS || PS1992433|ps1992-ph|7.00|Ms
894830,ISC-GEM,ISC-GEM|ISC-GEM-Mw,1951,10,22,10,25,46.7,,122.223,23.25,35.9,24.4,,25.0,7.0,6.18,0.78,,894830|ISC-GEM|6.18|Mw
894831,ISC-GEM,ISC-GEM|ISC-GEM-Mw,1951,10,22,11,11,8.42,,121.571,23.889,7.4,5.8,,25.0,7.1,6.51,0.41,,894831|ISC-GEM|6.51|Mw || 05953866|ISC|6.50|MS || 05953866|ISC|6.50|MS
894833,ISC-GEM,ISC-GEM|ISC-GEM-Mw,1951,10,22,13,1,17.38,,121.508,23.733,10.8,9.6,,25.0,10.6,6.31,0.2,,894833|ISC-GEM|6.31|Mw || 05953868|ISC|6.30|MS || 05953868|ISC|6.30|MS
894835,ISC-GEM,ISC-GEM|ISC-GEM-Mw,1951,10,22,14,46,51.19,,121.326,23.904,12.1,6.0,,20.0,7.1,6.45,0.2,,894835|ISC-GEM|6.45|Mw || 05953870|ISC|6.40|MS || 05953870|ISC|6.40|MS
894838,ISC-GEM,ISC-GEM|ISC-GEM-Mw,1951,10,22,18,42,37.09,,121.357,23.396,12.4,7.8,,25.0,10.6,6.18,0.31,,894838|ISC-GEM|6.18|Mw || 05953873|ISC|6.10|MS || 05953873|ISC|6.10|MS
894840,ISC-GEM,ISC-GEM|ISC-GEM-Mw,1951,10,22,20,51,42.55,,121.635,23.512,11.2,7.2,,25.0,10.6,6.27,0.29,,894840|ISC-GEM|6.27|Mw || 05953875|ISC|6.20|MS || 05953875|ISC|6.20|MS
894842,ISC-GEM,ISC-GEM|ISC-GEM-Mw,1951,10,23,1,19,42.64,,121.424,23.867,5.9,4.7,,25.0,7.1,6.56,0.64,,894842|ISC-GEM|6.56|Mw || 05953877|ISC|6.50|MS || 05953877|ISC|6.50|MS
894844,ISC-GEM,ISC-GEM|ISC-GEM-Mw,1951,10,23,8,55,19.37,,121.548,23.892,5.7,5.2,,25.0,7.1,6.31,0.42,,894844|ISC-GEM|6.31|Mw || 05953879|ISC|6.50|MS || 05953879|ISC|6.50|MS
894846,ISC-GEM,ISC-GEM|ISC-GEM-Mw,1951,10,23,18,18,50.76,,122.081,23.964,26.4,11.7,,25.0,6.4,6.07,0.2,,894846|ISC-GEM|6.07|Mw || 05953881|ISC|5.90|MS || 05953881|ISC|5.90|MS
894849,ISC-GEM,ISC-GEM|ISC-GEM-Mw,1951,10,24,3,39,7.93,,121.623,23.946,5.7,3.7,,35.0,7.1,6.27,0.21,,894849|ISC-GEM|6.27|Mw || 05953884|ISC|6.30|MS || 05953884|ISC|6.30|MS
894850,ISC-GEM,ISC-GEM|ISC-GEM-Mw,1951,10,24,6,26,26.77,,121.587,23.768,21.8,9.4,,25.0,7.1,5.94,0.72,,894850|ISC-GEM|5.94|Mw
894884,ISC-GEM,ISC-GEM|ISC-GEM-Mw,1951,11,4,11,9,47.18,,125.629,11.789,8.4,5.9,,25.0,13.4,6.27,0.2,,894884|ISC-GEM|6.27|Mw || 05953909|ISC|6.20|MS || 05953909|ISC|6.20|MS
894903,ISC-GEM,ISC-GEM|ISC-GEM-Mw,1951,11,9,5,52,42.7,,121.812,23.782,15.9,14.7,,15.0,6.4,5.9,0.41,,894903|ISC-GEM|5.90|Mw || 05953919|ISC|5.70|MS || 05953919|ISC|5.70|MS
894987,ISC-GEM,ISC-GEM|ISC-GEM-Mw,1951,11,24,18,47,18.3,,121.249,23.046,6.0,4.8,,25.0,4.8,7.34,1.28,,894987|ISC-GEM|7.34|Mw || 05953963|ISC|7.40|MS || 05953963|ISC|7.40|MS
894988,ISC-GEM,ISC-GEM|ISC-GEM-Mw,1951,11,24,18,50,24.4,,121.214,23.092,6.9,6.1,,30.0,6.6,7.81,0.21,,894988|ISC-GEM|7.81|Mw || 1933613|PAS|7.30|MS || 05953964|ISC|7.80|MS || PS1992436|ps1992-ph|7.30|Ms || 1933613|PAS|7.30|MS || 05953964|ISC|7.80|MS || PS1992436|ps1992-ph|7.30|Ms
894992,ISC-GEM,ISC-GEM|ISC-GEM-Mw,1951,11,26,6,38,35.67,,121.397,22.817,6.3,6.0,,30.0,7.3,6.44,0.2,,894992|ISC-GEM|6.44|Mw || 05953966|ISC|6.50|MS || 05953966|ISC|6.50|MS
895010,ISC-GEM,ISC-GEM|ISC-GEM-Mw,1951,12,5,6,58,36.96,,121.165,22.679,9.2,6.8,,15.0,6.2,6.07,0.34,,895010|ISC-GEM|6.07|Mw || 05953976|ISC|6.00|MS || 05953976|ISC|6.00|MS
895090,ISC-GEM,ISC-GEM|ISC-GEM-Mw,1951,12,29,22,4,9.75,,119.97,20.479,8.5,7.8,,15.0,7.9,5.98,0.31,,895090|ISC-GEM|5.98|Mw || 05954007|ISC|5.80|MS || 05954007|ISC|5.80|MS
892380,ISC-GEM,ISC-GEM|ISC-GEM-Mw,1952,1,13,4,3,51.64,,124.821,22.85,5.6,4.9,,20.0,51.0,6.67,0.3,,892380|ISC-GEM|6.67|Mw || 1928818|PAS|6.90|MS || 05954023|ISC|6.80|MS || 1928818|PAS|6.90|MS || 05954023|ISC|6.80|MS
892428,ISC-GEM,ISC-GEM|ISC-GEM-Mw,1952,1,29,0,55,33.8,,122.59,9.828,12.9,10.4,,15.0,21.6,5.82,0.25,,892428|ISC-GEM|5.82|Mw || 05954032|ISC|5.60|MS || 05954032|ISC|5.60|MS
892651,ISC-GEM,ISC-GEM|ISC-GEM-Mw,1952,3,19,10,57,15.04,,127.099,9.669,6.4,5.0,,15.0,11.8,7.34,0.52,,892651|ISC-GEM|7.34|Mw || 1929353|PAS|7.80|MS || 05954127|ISC|7.40|MS || PS1992443|ps1992-ph|7.60|Ms || 1929353|PAS|7.80|MS || 05954127|ISC|7.40|MS || PS1992443|ps1992-ph|7.60|Ms
892671,ISC-GEM,ISC-GEM|ISC-GEM-Mw,1952,3,23,15,21,23.06,,126.362,3.669,11.8,7.2,,25.0,19.1,6.19,0.2,,892671|ISC-GEM|6.19|Mw || 05954134|ISC|6.10|MS || 05954134|ISC|6.10|MS
892741,ISC-GEM,ISC-GEM|ISC-GEM-Mw,1952,4,8,10,0,18.69,,122.96,8.854,8.1,5.8,,35.0,4.8,6.27,0.25,,892741|ISC-GEM|6.27|Mw || 05954152|ISC|6.20|MS || 05954152|ISC|6.20|MS
892768,ISC-GEM,ISC-GEM|ISC-GEM-Mw,1952,4,14,23,49,58.85,,126.642,3.733,8.7,6.9,,70.0,19.1,6.23,0.39,,892768|ISC-GEM|6.23|Mw || 05954161|ISC|6.20|MS || 05954161|ISC|6.20|MS
892900,ISC-GEM,ISC-GEM|ISC-GEM-Mw,1952,5,15,10,25,27.09,,120.997,18.54,9.8,8.0,,20.0,18.9,5.77,0.31,,892900|ISC-GEM|5.77|Mw || 05954208|ISC|5.50|MS || 05954208|ISC|5.50|MS
892908,ISC-GEM,ISC-GEM|ISC-GEM-Mw,1952,5,16,10,8,29.77,,120.987,18.805,12.5,8.5,,20.0,13.6,5.77,0.68,,892908|ISC-GEM|5.77|Mw
893963,ISC-GEM,ISC-GEM|ISC-GEM-Mw,1952,12,28,15,1,25.29,,126.938,6.244,8.4,6.1,,35.0,40.3,6.49,0.24,,893963|ISC-GEM|6.49|Mw || 05954612|ISC|6.50|MS || 05954612|ISC|6.50|MS
891535,ISC-GEM,ISC-GEM|ISC-GEM-Mw,1953,3,4,14,45,52.45,,121.667,23.968,13.4,13.0,,30.0,7.1,5.87,0.7,,891535|ISC-GEM|5.87|Mw
891552,ISC-GEM,ISC-GEM|ISC-GEM-Mw,1953,3,14,17,0,39.1,,125.62,6.354,8.9,6.5,,35.0,52.6,6.28,0.24,,891552|ISC-GEM|6.28|Mw || 05954698|ISC|6.20|MS || 05954698|ISC|6.20|MS
891610,ISC-GEM,ISC-GEM|ISC-GEM-Mw,1953,4,5,10,15,44.45,,122.388,23.946,14.0,11.4,,35.0,14.3,5.96,0.38,,891610|ISC-GEM|5.96|Mw || 05954732|ISC|5.80|MS || 05954732|ISC|5.80|MS
891616,ISC-GEM,ISC-GEM|ISC-GEM-Mw,1953,4,7,23,58,13.82,,127.203,3.117,11.3,7.1,,35.0,14.2,6.01,0.44,,891616|ISC-GEM|6.01|Mw || 05954737|ISC|5.90|MS || 05954737|ISC|5.90|MS
892288,ISC-GEM,ISC-GEM|ISC-GEM-Mw,1953,12,14,10,37,5.78,,122.055,18.632,12.9,6.2,,15.0,17.1,5.93,0.2,,892288|ISC-GEM|5.93|Mw || 05955017|ISC|5.80|MS || 05955017|ISC|5.80|MS
892313,ISC-GEM,ISC-GEM|ISC-GEM-Mw,1953,12,22,18,45,22.93,,119.317,15.475,8.3,6.9,,25.0,4.8,5.96,0.32,,892313|ISC-GEM|5.96|Mw || 05955025|ISC|5.80|MS || 05955025|ISC|5.80|MS
890239,ISC-GEM,ISC-GEM|ISC-GEM-Mw,1954,1,11,17,9,6.87,,125.661,22.86,7.5,4.5,,15.0,45.7,6.04,0.31,,890239|ISC-GEM|6.04|Mw || 05955035|ISC|5.90|MS || 05955035|ISC|5.90|MS
890480,ISC-GEM,ISC-GEM|ISC-GEM-Mw,1954,3,29,4,1,15.95,,121.342,19.647,5.5,3.9,,25.0,3.9,6.12,0.2,,890480|ISC-GEM|6.12|Mw || 05955119|ISC|6.00|MS || 05955119|ISC|6.00|MS
890688,ISC-GEM,ISC-GEM|ISC-GEM-Mw,1954,5,23,6,56,47.91,,124.037,3.156,9.1,7.4,,15.0,25.0,5.97,0.32,,890688|ISC-GEM|5.97|Mw || 05955188|ISC|5.80|MS || 05955188|ISC|5.80|MS
890805,ISC-GEM,ISC-GEM|ISC-GEM-Mw,1954,7,2,2,45,12.87,,124.079,12.835,5.8,5.4,,15.0,30.9,6.57,0.4,,890805|ISC-GEM|6.57|Mw || 05955224|ISC|6.70|MS || 05955224|ISC|6.70|MS
890810,ISC-GEM,ISC-GEM|ISC-GEM-Mw,1954,7,3,21,15,6.99,,121.263,19.207,11.0,6.1,,35.0,24.1,5.77,0.2,,890810|ISC-GEM|5.77|Mw || 05955228|ISC|5.50|MS || 05955228|ISC|5.50|MS
890980,ISC-GEM,ISC-GEM|ISC-GEM-Mw,1954,8,21,6,38,41.58,,126.432,7.106,11.0,7.6,,35.0,32.9,5.89,0.37,,890980|ISC-GEM|5.89|Mw || 05955285|ISC|5.70|MS || 05955285|ISC|5.70|MS
891027,ISC-GEM,ISC-GEM|ISC-GEM-Mw,1954,9,4,8,53,30.26,,121.647,21.475,7.1,5.8,,35.0,27.8,6.01,0.69,,891027|ISC-GEM|6.01|Mw || 05955303|ISC|5.90|MS || 05955303|ISC|5.90|MS
891037,ISC-GEM,ISC-GEM|ISC-GEM-Mw,1954,9,6,16,47,5.4,,121.064,20.724,6.2,4.0,,25.0,8.2,6.1,0.21,,891037|ISC-GEM|6.10|Mw || 05955306|ISC|6.00|MS || 05955306|ISC|6.00|MS
891039,ISC-GEM,ISC-GEM|ISC-GEM-Mw,1954,9,7,0,8,27.58,,120.896,20.705,8.5,5.8,,25.0,8.2,6.14,0.38,,891039|ISC-GEM|6.14|Mw || 05955308|ISC|6.00|MS || 05955308|ISC|6.00|MS
891040,ISC-GEM,ISC-GEM|ISC-GEM-Mw,1954,9,7,0,11,52.44,,120.834,20.5,11.8,7.7,,25.0,8.2,6.17,0.77,,891040|ISC-GEM|6.17|Mw
891041,ISC-GEM,ISC-GEM|ISC-GEM-Mw,1954,9,7,0,35,17.3,,120.964,20.473,8.3,5.0,,25.0,8.2,5.98,0.2,,891041|ISC-GEM|5.98|Mw || 05955310|ISC|5.80|MS || 05955310|ISC|5.80|MS
891064,ISC-GEM,ISC-GEM|ISC-GEM-Mw,1954,9,13,18,12,43.2,,121.305,20.968,10.9,5.2,,25.0,31.2,5.91,0.21,,891064|ISC-GEM|5.91|Mw || 05955318|ISC|5.70|MS || 05955318|ISC|5.70|MS
891065,ISC-GEM,ISC-GEM|ISC-GEM-Mw,1954,9,13,18,19,21.12,,121.287,20.773,15.1,5.9,,25.0,31.2,5.96,0.27,,891065|ISC-GEM|5.96|Mw || 05955319|ISC|5.80|MS || 05955319|ISC|5.80|MS
889217,ISC-GEM,ISC-GEM|ISC-GEM-Mw,1955,2,14,16,53,22.89,,126.864,3.459,8.5,5.7,,35.0,22.4,6.3,0.29,,889217|ISC-GEM|6.30|Mw || 05955456|ISC|6.30|MS || 05955456|ISC|6.30|MS
889287,ISC-GEM,ISC-GEM|ISC-GEM-Mw,1955,3,6,10,55,33.2,,122.347,9.574,9.0,6.5,,15.0,12.7,6.07,0.25,,889287|ISC-GEM|6.07|Mw || 05955483|ISC|6.00|MS || 05955483|ISC|6.00|MS
889288,ISC-GEM,ISC-GEM|ISC-GEM-Mw,1955,3,6,13,33,36.36,,122.576,9.649,7.0,5.4,,15.0,12.7,6.31,0.21,,889288|ISC-GEM|6.31|Mw || 05955484|ISC|6.30|MS || 05955484|ISC|6.30|MS
PS1992468,ps1992-ph,ps1992-ph|ps1992-ph-Ms,1955,3,31,18,17,0.0,,124.0,8.0,,,,60.0,,7.6,,,PS1992468|ps1992-ph|7.60|Ms
889384,ISC-GEM,ISC-GEM|ISC-GEM-Mw,1955,3,31,18,17,13.29,,123.157,7.658,6.8,5.1,,35.0,4.8,7.37,0.21,,889384|ISC-GEM|7.37|Mw || 05955516|ISC|7.50|MS || 05955516|ISC|7.50|MS
889385,ISC-GEM,ISC-GEM|ISC-GEM-Mw,1955,3,31,20,52,49.01,,124.081,7.674,9.2,6.4,,35.0,25.0,6.34,0.39,,889385|ISC-GEM|6.34|Mw || 05955517|ISC|6.30|MS || 05955517|ISC|6.30|MS
889391,ISC-GEM,ISC-GEM|ISC-GEM-Mw,1955,4,4,11,11,27.38,,121.0,21.779,5.0,4.3,,25.0,4.0,6.5,0.32,,889391|ISC-GEM|6.50|Mw || 05955519|ISC|6.50|MS || 05955519|ISC|6.50|MS
889411,ISC-GEM,ISC-GEM|ISC-GEM-Mw,1955,4,10,17,38,17.19,,124.074,7.826,5.8,4.5,,15.0,25.0,6.29,0.2,,889411|ISC-GEM|6.29|Mw || 05955526|ISC|6.20|MS || 05955526|ISC|6.20|MS
889539,ISC-GEM,ISC-GEM|ISC-GEM-Mw,1955,5,18,5,26,7.08,,122.188,20.67,8.9,4.0,,25.0,24.1,5.83,0.69,,889539|ISC-GEM|5.83|Mw
889659,ISC-GEM,ISC-GEM|ISC-GEM-Mw,1955,6,17,8,6,39.62,,121.284,22.473,5.3,4.0,,30.0,12.3,6.22,0.56,,889659|ISC-GEM|6.22|Mw || 05955620|ISC|6.30|MS || 05955620|ISC|6.30|MS
889780,ISC-GEM,ISC-GEM|ISC-GEM-Mw,1955,7,23,13,57,8.57,,122.313,9.737,10.3,7.3,,15.0,12.7,6.09,0.21,,889780|ISC-GEM|6.09|Mw || 05955655|ISC|6.00|MS || 05955655|ISC|6.00|MS
889784,ISC-GEM,ISC-GEM|ISC-GEM-Mw,1955,7,24,16,20,7.06,,121.737,23.396,5.9,3.6,,15.0,3.5,6.07,0.21,,889784|ISC-GEM|6.07|Mw || 05955657|ISC|5.90|MS || 05955657|ISC|5.90|MS
889948,ISC-GEM,ISC-GEM|ISC-GEM-Mw,1955,9,24,10,21,32.35,,121.334,22.118,5.5,4.7,,15.0,3.5,6.34,0.49,,889948|ISC-GEM|6.34|Mw || 05955707|ISC|6.30|MS || 05955707|ISC|6.30|MS
889999,ISC-GEM,ISC-GEM|ISC-GEM-Mw,1955,10,13,17,50,19.97,,121.748,23.71,6.9,3.6,,15.0,10.6,5.91,0.24,,889999|ISC-GEM|5.91|Mw || 05955725|ISC|5.70|MS || 05955725|ISC|5.70|MS
890118,ISC-GEM,ISC-GEM|ISC-GEM-Mw,1955,11,24,4,51,29.24,,120.947,19.221,7.7,5.1,,35.0,13.6,5.72,0.67,,890118|ISC-GEM|5.72|Mw
890180,ISC-GEM,ISC-GEM|ISC-GEM-Mw,1955,12,19,3,13,52.62,,127.064,8.542,9.5,5.8,,15.0,15.0,6.13,0.26,,890180|ISC-GEM|6.13|Mw || 05955770|ISC|6.10|MS || 05955770|ISC|6.10|MS
887884,ISC-GEM,ISC-GEM|ISC-GEM-Mw,1956,1,29,22,20,59.27,,120.891,20.855,8.1,4.9,,35.0,5.1,6.12,0.52,,887884|ISC-GEM|6.12|Mw || 05955806|ISC|6.00|MS || 05955806|ISC|6.00|MS
887943,ISC-GEM,ISC-GEM|ISC-GEM-Mw,1956,2,12,11,49,27.15,,119.641,18.787,4.8,4.3,,20.7,4.5,6.43,0.32,,887943|ISC-GEM|6.43|Mw || 05955818|ISC|6.50|MS || 05955818|ISC|6.50|MS
887948,ISC-GEM,ISC-GEM|ISC-GEM-Mw,1956,2,13,14,20,56.13,,119.612,18.691,9.0,6.0,,15.0,3.3,6.08,0.86,,887948|ISC-GEM|6.08|Mw || 05955819|ISC|6.00|MS || 05955819|ISC|6.00|MS
887956,ISC-GEM,ISC-GEM|ISC-GEM-Mw,1956,2,14,12,33,54.78,,119.42,18.462,8.7,5.9,,15.0,3.3,5.91,0.44,,887956|ISC-GEM|5.91|Mw
887957,ISC-GEM,ISC-GEM|ISC-GEM-Mw,1956,2,14,12,35,13.02,,119.821,19.149,11.7,8.6,,15.0,5.0,6.09,0.2,,887957|ISC-GEM|6.09|Mw || 05955824|ISC|6.00|MS || 05955824|ISC|6.00|MS
888497,ISC-GEM,ISC-GEM|ISC-GEM-Mw,1956,7,19,20,41,0.18,,120.009,14.94,8.6,7.1,,35.0,4.6,6.09,0.21,,888497|ISC-GEM|6.09|Mw || 05955975|ISC|6.00|MS || 05955975|ISC|6.00|MS
888517,ISC-GEM,ISC-GEM|ISC-GEM-Mw,1956,7,24,18,56,43.22,,126.673,2.084,9.7,7.7,,35.0,20.0,5.88,0.2,,888517|ISC-GEM|5.88|Mw || 05955984|ISC|5.70|MS || 05955984|ISC|5.70|MS
888823,ISC-GEM,ISC-GEM|ISC-GEM-Mw,1956,10,23,8,41,25.74,,120.713,13.498,5.8,5.3,,90.4,5.2,6.68,1.84,,888823|ISC-GEM|6.68|Mw || 05956058|ISC|6.30|mb || 05956058|ISC|6.30|mb
888842,ISC-GEM,ISC-GEM|ISC-GEM-Mw,1956,10,28,10,45,12.14,,123.096,14.083,6.9,5.6,,20.0,9.4,6.35,0.29,,888842|ISC-GEM|6.35|Mw || 05956065|ISC|6.30|MS || 05956065|ISC|6.30|MS
888886,ISC-GEM,ISC-GEM|ISC-GEM-Mw,1956,11,10,14,39,59.37,,120.358,15.68,7.7,5.8,,15.0,25.0,5.97,0.54,,888886|ISC-GEM|5.97|Mw || 05956079|ISC|5.80|MS || 05956079|ISC|5.80|MS
885935,ISC-GEM,ISC-GEM|ISC-GEM-Mw,1957,2,10,22,32,21.63,,126.191,10.336,7.0,4.8,,20.0,19.6,6.56,0.2,,885935|ISC-GEM|6.56|Mw || 05956170|ISC|6.60|MS || 05956170|ISC|6.60|MS
885936,ISC-GEM,ISC-GEM|ISC-GEM-Mw,1957,2,10,22,50,58.44,,126.216,10.317,9.0,6.2,,20.0,19.6,6.67,0.2,,885936|ISC-GEM|6.67|Mw || 05956171|ISC|6.70|MS || 05956171|ISC|6.70|MS
885937,ISC-GEM,ISC-GEM|ISC-GEM-Mw,1957,2,11,1,14,49.61,,126.153,10.127,7.3,4.9,,20.0,18.0,6.58,0.21,,885937|ISC-GEM|6.58|Mw || 05956172|ISC|6.60|MS || 05956172|ISC|6.60|MS
885944,ISC-GEM,ISC-GEM|ISC-GEM-Mw,1957,2,11,14,25,42.62,,126.403,9.998,9.6,7.2,,15.0,14.5,6.2,0.23,,885944|ISC-GEM|6.20|Mw || 05956173|ISC|6.10|MS || 05956173|ISC|6.10|MS
885950,ISC-GEM,ISC-GEM|ISC-GEM-Mw,1957,2,13,0,29,53.34,,126.366,10.14,8.2,5.2,,15.0,14.5,6.15,0.2,,885950|ISC-GEM|6.15|Mw || 05956176|ISC|6.10|MS || 05956176|ISC|6.10|MS
885987,ISC-GEM,ISC-GEM|ISC-GEM-Mw,1957,2,23,20,26,20.22,,121.577,23.965,4.1,3.6,,55.0,5.3,6.92,0.34,,885987|ISC-GEM|6.92|Mw || 05956184|ISC|6.90|MS || 05956184|ISC|6.90|MS
886475,ISC-GEM,ISC-GEM|ISC-GEM-Mw,1957,4,28,1,23,49.54,,126.869,6.984,7.0,4.9,,50.0,6.0,6.23,0.2,,886475|ISC-GEM|6.23|Mw || 05956287|ISC|6.20|MS || 05956287|ISC|6.20|MS
886670,ISC-GEM,ISC-GEM|ISC-GEM-Mw,1957,6,6,19,49,51.83,,126.807,3.596,11.3,5.7,,20.0,22.4,6.04,0.39,,886670|ISC-GEM|6.04|Mw || 05956334|ISC|5.90|MS || 05956334|ISC|5.90|MS
886693,ISC-GEM,ISC-GEM|ISC-GEM-Mw,1957,6,11,18,49,33.01,,120.341,17.866,4.5,4.1,,45.0,27.6,6.51,0.39,,886693|ISC-GEM|6.51|Mw || 05956340|ISC|6.50|MS || 05956340|ISC|6.50|MS
887045,ISC-GEM,ISC-GEM|ISC-GEM-Mw,1957,8,18,8,37,1.65,,123.959,12.221,6.1,4.5,,20.0,11.9,6.48,0.2,,887045|ISC-GEM|6.48|Mw || 05956425|ISC|6.50|MS || 05956425|ISC|6.50|MS
887230,ISC-GEM,ISC-GEM|ISC-GEM-Mw,1957,9,24,8,21,14.08,,127.005,5.327,5.5,4.3,,35.0,4.5,7.25,0.47,,887230|ISC-GEM|7.25|Mw || 05956461|ISC|7.30|MS || PS1992494|ps1992-ph|7.60|Ms || 05956461|ISC|7.30|MS || PS1992494|ps1992-ph|7.60|Ms
887237,ISC-GEM,ISC-GEM|ISC-GEM-Mw,1957,9,25,16,36,39.83,,127.312,5.771,7.4,5.4,,25.0,13.3,6.07,0.25,,887237|ISC-GEM|6.07|Mw || 05956463|ISC|6.00|MS || 05956463|ISC|6.00|MS
887247,ISC-GEM,ISC-GEM|ISC-GEM-Mw,1957,9,26,18,46,50.08,,126.914,5.868,8.3,5.7,,55.0,40.3,5.77,0.2,,887247|ISC-GEM|5.77|Mw || 05956464|ISC|5.50|MS || 05956464|ISC|5.50|MS
887394,ISC-GEM,ISC-GEM|ISC-GEM-Mw,1957,10,19,18,28,58.62,,121.517,23.655,3.2,2.7,,30.0,4.0,6.85,0.2,,887394|ISC-GEM|6.85|Mw || 05956489|ISC|6.90|MS || 05956489|ISC|6.90|MS
887750,ISC-GEM,ISC-GEM|ISC-GEM-Mw,1957,12,30,13,58,32.42,,120.296,18.476,9.3,5.6,,15.0,14.4,5.71,0.53,,887750|ISC-GEM|5.71|Mw
883722,ISC-GEM,ISC-GEM|ISC-GEM-Mw,1958,1,22,18,28,58.83,,121.637,23.601,4.9,3.2,,25.0,10.6,6.03,0.21,,883722|ISC-GEM|6.03|Mw || 05956611|ISC|5.90|MS || 05956611|ISC|5.90|MS
883818,ISC-GEM,ISC-GEM|ISC-GEM-Mw,1958,2,9,22,29,27.98,,120.87,12.578,8.2,6.4,,20.0,9.6,5.99,0.23,,883818|ISC-GEM|5.99|Mw || 05956639|ISC|5.80|MS || 05956639|ISC|5.80|MS
883867,ISC-GEM,ISC-GEM|ISC-GEM-Mw,1958,2,18,19,48,46.63,,120.317,20.643,4.9,4.3,,15.0,25.0,6.07,0.2,,883867|ISC-GEM|6.07|Mw || 05956652|ISC|6.00|MS || 05956652|ISC|6.00|MS
883876,ISC-GEM,ISC-GEM|ISC-GEM-Mw,1958,2,20,3,57,45.02,,120.388,20.738,9.4,7.7,,15.0,25.0,5.67,0.2,,883876|ISC-GEM|5.67|Mw || 05956655|ISC|5.40|MS || 05956655|ISC|5.40|MS
883878,ISC-GEM,ISC-GEM|ISC-GEM-Mw,1958,2,20,4,38,37.34,,120.445,20.755,8.7,7.1,,15.0,8.9,5.68,0.66,,883878|ISC-GEM|5.68|Mw
883895,ISC-GEM,ISC-GEM|ISC-GEM-Mw,1958,2,23,10,6,26.36,,120.388,20.565,6.9,6.0,,15.0,25.0,5.64,0.65,,883895|ISC-GEM|5.64|Mw
883918,ISC-GEM,ISC-GEM|ISC-GEM-Mw,1958,2,27,23,27,57.7,,120.184,20.923,4.6,4.1,,25.0,9.5,6.31,0.61,,883918|ISC-GEM|6.31|Mw || 05956669|ISC|6.40|MS || 05956669|ISC|6.40|MS
883940,ISC-GEM,ISC-GEM|ISC-GEM-Mw,1958,3,3,7,22,46.5,,121.867,23.216,5.2,4.3,,15.0,7.0,5.75,0.2,,883940|ISC-GEM|5.75|Mw || 05956673|ISC|5.50|MS || 05956673|ISC|5.50|MS
883999,ISC-GEM,ISC-GEM|ISC-GEM-Mw,1958,3,13,23,49,29.61,,123.092,12.658,8.3,5.5,,25.0,8.3,5.84,0.2,,883999|ISC-GEM|5.84|Mw || 05956683|ISC|5.60|MS || 05956683|ISC|5.60|MS
884003,ISC-GEM,ISC-GEM|ISC-GEM-Mw,1958,3,15,0,24,6.46,,121.884,22.706,5.1,4.1,,20.0,11.2,6.17,0.45,,884003|ISC-GEM|6.17|Mw || 05956684|ISC|6.10|MS || 05956684|ISC|6.10|MS
884043,ISC-GEM,ISC-GEM|ISC-GEM-Mw,1958,3,23,10,14,46.75,,120.134,18.431,6.0,4.6,,15.0,14.7,5.85,0.2,,884043|ISC-GEM|5.85|Mw || 05956691|ISC|5.60|MS || 05956691|ISC|5.60|MS
884631,ISC-GEM,ISC-GEM|ISC-GEM-Mw,1958,6,26,7,39,23.38,,126.016,23.975,7.9,6.8,,20.0,52.7,5.56,0.2,,884631|ISC-GEM|5.56|Mw || 05956847|ISC|5.20|MS || 05956847|ISC|5.20|MS
884676,ISC-GEM,ISC-GEM|ISC-GEM-Mw,1958,7,4,18,34,12.27,,124.888,5.853,6.7,4.6,,55.0,5.3,5.98,0.2,,884676|ISC-GEM|5.98|Mw || 05956862|ISC|5.80|MS || 05956862|ISC|5.80|MS
884994,ISC-GEM,ISC-GEM|ISC-GEM-Mw,1958,8,20,8,46,11.04,,122.49,23.997,6.4,5.6,,30.0,14.3,5.83,0.2,,884994|ISC-GEM|5.83|Mw || 05956947|ISC|5.60|MS || 05956947|ISC|5.60|MS
885121,ISC-GEM,ISC-GEM|ISC-GEM-Mw,1958,9,11,18,1,51.67,,126.719,7.334,7.3,4.9,,35.0,36.0,6.04,0.36,,885121|ISC-GEM|6.04|Mw || 05956986|ISC|5.90|MS || 05956986|ISC|5.90|MS
885627,ISC-GEM,ISC-GEM|ISC-GEM-Mw,1958,12,3,9,48,31.1,,121.132,19.115,5.2,4.1,,30.0,13.6,6.13,0.2,,885627|ISC-GEM|6.13|Mw || 05957119|ISC|6.00|MS || 05957119|ISC|6.00|MS
881237,ISC-GEM,ISC-GEM|ISC-GEM-Mw,1959,1,21,11,8,14.58,,119.577,18.61,9.2,5.2,,25.0,3.3,5.81,0.69,,881237|ISC-GEM|5.81|Mw
881702,ISC-GEM,ISC-GEM|ISC-GEM-Mw,1959,4,2,19,21,39.24,,120.688,20.366,7.4,5.7,,25.0,25.0,5.72,0.2,,881702|ISC-GEM|5.72|Mw || 05957283|ISC|5.50|MS || 05957283|ISC|5.50|MS
881776,ISC-GEM,ISC-GEM|ISC-GEM-Mw,1959,4,12,10,59,25.65,,122.397,23.912,6.8,4.9,,25.0,14.3,5.75,0.2,,881776|ISC-GEM|5.75|Mw || 05957300|ISC|5.50|MS || 05957300|ISC|5.50|MS
882154,ISC-GEM,ISC-GEM|ISC-GEM-Mw,1959,6,2,2,37,49.42,,120.818,20.897,4.5,3.2,,15.0,21.8,5.91,0.27,,882154|ISC-GEM|5.91|Mw || 05957392|ISC|5.70|MS || 05957392|ISC|5.70|MS
882159,ISC-GEM,ISC-GEM|ISC-GEM-Mw,1959,6,2,4,57,22.52,,120.821,20.944,5.1,3.9,,15.0,21.8,6.23,0.63,,882159|ISC-GEM|6.23|Mw || 05957396|ISC|6.30|MS || 05957396|ISC|6.30|MS
882161,ISC-GEM,ISC-GEM|ISC-GEM-Mw,1959,6,2,5,42,37.99,,121.207,21.144,8.9,4.0,,15.0,21.8,6.11,0.76,,882161|ISC-GEM|6.11|Mw
882489,ISC-GEM,ISC-GEM|ISC-GEM-Mw,1959,7,22,11,15,41.03,,126.272,2.604,10.3,6.3,,50.0,18.0,5.48,0.61,,882489|ISC-GEM|5.48|Mw
882577,ISC-GEM,ISC-GEM|ISC-GEM-Mw,1959,8,5,5,16,46.02,,125.168,12.183,12.9,7.5,,35.0,14.8,5.57,0.2,,882577|ISC-GEM|5.57|Mw || 05957491|ISC|5.20|MS || 05957491|ISC|5.20|MS
PS1992506,ps1992-ph,ps1992-ph|ps1992-ph-Ms,1959,8,15,8,57,0.0,,120.0,22.1,,,,60.0,,7.1,,,PS1992506|ps1992-ph|7.10|Ms
882641,ISC-GEM,ISC-GEM|ISC-GEM-Mw,1959,8,15,8,57,6.62,,121.105,22.078,3.8,3.3,,25.0,10.6,7.22,0.59,,882641|ISC-GEM|7.22|Mw || 05957506|ISC|7.30|MS || 05957506|ISC|7.30|MS
882650,ISC-GEM,ISC-GEM|ISC-GEM-Mw,1959,8,16,1,21,8.02,,121.064,22.116,6.8,4.3,,15.0,10.6,5.91,0.43,,882650|ISC-GEM|5.91|Mw || 05957510|ISC|5.90|MS || 05957510|ISC|5.90|MS
882658,ISC-GEM,ISC-GEM|ISC-GEM-Mw,1959,8,17,1,2,38.37,,121.176,22.301,6.7,3.8,,15.0,6.2,5.67,0.34,,882658|ISC-GEM|5.67|Mw || 05957512|ISC|5.50|MS || 05957512|ISC|5.50|MS
882994,ISC-GEM,ISC-GEM|ISC-GEM-Mw,1959,9,25,2,36,52.14,,121.396,21.964,3.7,3.5,,20.0,12.2,6.46,0.4,,882994|ISC-GEM|6.46|Mw || 05957601|ISC|6.50|MS || 05957601|ISC|6.50|MS
